,date,data,class,positive_number,negative_number,predicted_class
3103,2010-04-30,babbbbaaaaabbaaababbaababbaabaabaabbbbabaabbabbaba,False,711,2393,True
3104,2010-05-01,baababbbabaabbbabaaaabbaababbbaaababbaababbabbaaba,True,712,2393,True
3105,2010-05-02,baababbbababbabaaabaabbbaabbbabbaabbaabaaaaabbabab,False,712,2394,True
3106,2010-05-03,babbbbbaaaabaaaaabbbaaabbbabbaababbbbbaaabaaababab,True,713,2394,False
3107,2010-05-04,babbabbabbaaaaaabbabababbbbbaaaaabababbbaaaabbbbaa,False,713,2395,False
3108,2010-05-05,bababbbabaababaaababaaabbbbbababababbbabaabaabaaba,False,713,2396,True
3109,2010-05-06,bbbaabaabbaaabaabbababaaabaabaabbabbabbaaabbbbbaab,True,714,2396,True
3110,2010-05-07,babbabbaabaaaaaabbbbabbabbaaababababaabaaabbabbbab,False,714,2397,False
3111,2010-05-08,baababbbbbabbabaaaaaabbbbaabaabaabbbabababababbaaa,False,714,2398,True
3112,2010-05-09,baaabbbabaaabbbabbaaababbaabaabaabbbaaababbbabbbaa,True,715,2398,True
3113,2010-05-10,babbabaaababaababbbaaaabaabbbbbaaabbbbabaabbabbaaa,True,716,2398,True
3114,2010-05-11,bbaaababbbabbbbaaaaaabaaaaabaabbbbabaabbabbbbbaaab,False,716,2399,False
3115,2010-05-12,baaaabbbbbabaaaaabbbabbbabaaababbbbbbaaaaaaaababbb,False,716,2400,True
3116,2010-05-13,bababbbaaaaaabbabbbaaaabbbbbaaabbbbbbbabaaababaaaa,True,717,2400,True
3117,2010-05-14,bbaaabaabaaabbbabbabaaabbbbabaabbabbababaabaabbaba,False,717,2401,True
3118,2010-05-15,bbaaababbaaabbbabaabaabbbabaaabbbbbbabbaabaaabaaab,True,718,2401,True
3119,2010-05-16,bbbbbbaabaaabaaabaabaabaabbbbbaaababaabaabbabbbaab,False,718,2402,True
3120,2010-05-17,bbbaababbbaaabbabaaaabababaaabaaaabbbbbaaabbbbbbaa,True,719,2402,True
3121,2010-05-18,bbbbbbbbaaaaabbaaaaaaababbbaaaaababbaabbabbbabbaba,True,720,2402,True
3122,2010-05-19,bbabbbabbaaabaaabaabaabaabaabaabbbbbbbbbaaaaabbaab,True,721,2402,True
3123,2010-05-20,babbbbbaaaabbbbaaaaaaabbbabaabbbaaabaabaabbbbbabaa,False,721,2403,False
3124,2010-05-21,bbabbbaabaabbaaaabababababaaaaaababbabbaababbbbbab,True,722,2403,True
3125,2010-05-22,bbaaabaabbabbbbaabaaababaaabaabbbaabbaabaaabbbabbb,False,722,2404,False
3126,2010-05-23,abbbabbabbbababaaaaaabbbabaaabaababbbbaaabababaabb,False,722,2405,False
3127,2010-05-24,aaaaababbbbbbbaabaababaaabbbbbaaaabbaaaaaabbbbbbba,True,723,2405,True
3128,2010-05-25,bababbbaaaababaaabbbabbaabaabbaabaabbbabaaabbbbaba,False,723,2406,False
3129,2010-05-26,babaabababababaababbabbabbaabaaababbbaaaabbbabaabb,False,723,2407,False
3130,2010-05-27,baaaabbbbbaabbbabaaaaabbbabbaababbbbaaababababbaaa,False,723,2408,True
3131,2010-05-28,bbbbbbbaaaaaabaaabababbbbbaabaabbbbbbaaaaaaaababab,False,723,2409,False
3132,2010-05-29,bbabababbaaaaababbabaabaabbabbababababaaaabbbbbaab,False,723,2410,False
3133,2010-05-30,baababbbababbabaaabaaaaabbaaaaabbbbbaaaaabbbabbbbb,True,724,2410,True
3134,2010-05-31,babbabaaababaababbbaaabaabbbababbbbbaabaaaaaabbabb,True,725,2410,True
3135,2010-06-01,bbaabbbabaaababaabbaaaaaabbabaabbabbabbbaababbbaba,True,726,2410,True
3136,2010-06-02,bbaabbabbbaabbaabaaaabbbaaababbaaaababbbabaabbbaba,True,727,2410,False
3137,2010-06-03,babbbbbaaaabaaaaabbbababaababababaababababbabbaabb,False,727,2411,True
3138,2010-06-04,bbbbabaaabababaaabababbaabaabbabbbabbbbbaaaabbaaaa,True,728,2411,True
3139,2010-06-05,abaaabbbbbaaababababaaaabbbaaaabbbbbbaaaaabbbbabba,False,728,2412,True
3140,2010-06-06,aaaabbbbbbabbbabaaaaabbaababaaaaabbbabbaababbbbaab,False,728,2413,False
3141,2010-06-07,baaaabbbababbbbaaabaabbbaaaaabbbbbabbabbaabaabaaab,False,728,2414,False
3142,2010-06-08,aabbbbbaaaaaababbbabababaaaaabbababbabababababbbba,False,728,2415,True
3143,2010-06-09,abababbbabaaaaababbbaabaaaaabbbabbbbbabbabbaabbaaa,True,729,2415,True
3144,2010-06-10,abbaabaabbaababbbabaabbabbabbbabaaabaabaababbbabaa,True,730,2415,False
3145,2010-06-11,abababbbabaaabbbabaaaaaaaababababaabbbababbbbbaabb,False,730,2416,True
3146,2010-06-12,abaaabaaababbbbbabbaabbabababbbabbabaabaaaaaabbbab,False,730,2417,True
3147,2010-06-13,abbaabaabbbaabaabbabababbabababbbbbbabaaaaaaababab,True,731,2417,True
3148,2010-06-14,aababbbababbabaaababababbaabaabaababaaaaabbabbbbbb,False,731,2418,True
3149,2010-06-15,babbbbbaaaabaaaaabbbababaaaaabbbaaababbaaabbbbbbab,True,732,2418,True
3150,2010-06-16,baaabbbaaaabbbbaabbaaabababbbbbaabababaaabaaabbabb,True,733,2418,True
3151,2010-06-17,baabbbbaaaaabababbbaaababaabbbbbbabbaabaabaaabbaba,False,733,2419,True
3152,2010-06-18,baababbabaaabababbabaabaaaaaabbbabababbbabababbbab,False,733,2420,True
3153,2010-06-19,bbbbabaaabaaabaabbababaaaaabbbbbabbbbbbaaaaabbabaa,True,734,2420,True
3154,2010-06-20,bbababaabaaabababbababaaaaaaabbbaaabbbbaaabbbbabbb,True,735,2420,True
3155,2010-06-21,aababbbbaaabababaabbaababbbabaaaaabbabaaababbbbbba,True,736,2420,True
3156,2010-06-22,aababbabababababbabaaaaababbbabaaabbbbaaabbbbbaaba,False,736,2421,True
3157,2010-06-23,aaababbbaaababbbababaabbbabbbabbbabbaabaaaaabbbaaa,False,736,2422,False
3158,2010-06-24,abababbbbbaaaaabababababaaaaaabbbaabababaaabbbbbbb,True,737,2422,True
3159,2010-06-25,abaaababbaaaaabbbbbbaaabbabbabbbababbaaaaababbabba,True,738,2422,False
3160,2010-06-26,aaaaabbaaaabbbbbabbbaabbbaaaaabbbabbaabbabababbbaa,False,738,2423,True
3161,2010-06-27,abbbbbaaaaaabbbbbaaaaaaaaabbbbbaaaabbbbbabaaababbb,False,738,2424,True
3162,2010-06-28,aaabababaaabbabbbabbaabbbabababbbabbabbbaaaaabbaaa,False,738,2425,True
3163,2010-06-29,bbabababbaaabababaabaaaaabaabbaabbabbabaabbabbbbab,True,739,2425,True
3164,2010-06-30,baabababaaabaababbbbaabaabbbbbaaabababaaababbbbaab,False,739,2426,True
3165,2010-07-01,abaabbaabbaabbabbbaaaaaaaabbbbbababbbaaaaabbbbbaba,True,740,2426,True
3166,2010-07-02,aabbbbabbaabaaabbaabaaaaabbabaabbbababababbbbbaaab,True,741,2426,True
3167,2010-07-03,aaaabbbbbaababababababaaabbabaabbabbaabbaabbababab,True,742,2426,True
3168,2010-07-04,abaabbabbaaabbbbbaaaaaabaabbbbbbaabbbbbaaababbaaaa,False,742,2427,False
3169,2010-07-05,aaababaaaaabbabbbbbbababbaaaaabaaaabbbbbaababbbbba,False,742,2428,False
3170,2010-07-06,baaaabaabbabbababbbaaaaaabbbbbabbbbbaabbabbaabaaaa,False,742,2429,True
3171,2010-07-07,aabaabbbbbaaababbaabaabbabbbabaababbaabaabaaabbabb,False,742,2430,True
3172,2010-07-08,ababbbbaaaaababbabbaaaabaabbabbabbabaabbabbabbbaaa,True,743,2430,True
3173,2010-07-09,aababbbaaaabbbbbaabaabbbaaaaabbabbbbabbaabaaabbaab,True,744,2430,True
3174,2010-07-10,aaabbbaaaaabbabbbbbaaaabbabaaabbbbbbbbaaaababbaaba,False,744,2431,True
3175,2010-07-11,aabbbbbabaaaaaabbbabaaabaabaaabaababbbbbaababbbbab,True,745,2431,True
3176,2010-07-12,aababbaabaababbbbbaaaaababbbabaabaabaabaabbbbbbaab,True,746,2431,False
3177,2010-07-13,aaaaabbbbbabbbbbaaaaaaabbbbbabaaaabbbabaabbbababaa,False,746,2432,True
3178,2010-07-14,babbbbaaaaabaaaabbbbaaabbabaaababbbbbbbaaaaabbbbaa,False,746,2433,False
3179,2010-07-15,aababbbabaaaaaabbbbbaaaaaabbbbbaaabbaaababbbabbbba,False,746,2434,True
3180,2010-07-16,abbaabaabbaaababbbabaabaaabbbbbaaaabbbabababbbaaba,True,747,2434,True
3181,2010-07-17,aaaaabbbbaaaaabbbbbbabaababbbababbbbbaaaaabaabaabb,False,747,2435,False
3182,2010-07-18,aaaaabbbbbabbabbaabaabbbbaaaaabababbbabaababababab,False,747,2436,True
3183,2010-07-19,abaabbaabaaabaabbbbbababaaabaabbaaababbbabbbbbaaab,False,747,2437,False
3184,2010-07-20,ababbbbbaaaabaabaabbaaaababbbabaaabbaabaabbaabbbbb,False,747,2438,True
3185,2010-07-21,ababbbabaaaaaabbbbbaabaababbbabaaaababbbabaaababbb,True,748,2438,False
3186,2010-07-22,abbbababaaaaaabbbabbaaaaaabbabbbaabbabbaaaababbbbb,False,748,2439,False
3187,2010-07-23,aaababbbbbaababbbaaaaabbbbaabaabbaabaaababbabbbaba,False,748,2440,False
3188,2010-07-24,abbbabababaaabbbbaaaaababbbbbaabaaababbbabaaabaabb,False,748,2441,True
3189,2010-07-25,aaaaabbbbbababbbabaaaabbabaabaabbabbaabaabaabbbbab,False,748,2442,True
3190,2010-07-26,baaabbabbaabbbbabaaaaaabaababbbabbbbabaaabaaabbbab,True,749,2442,False
3191,2010-07-27,aabbbbbaaabaaaaabbbbaabbbabaaababaabbabbaaababbbab,False,749,2443,True
3192,2010-07-28,abaabbabaabbabaaabbbabaaaabbbbbbaaabaaaaaabbbbabbb,False,749,2444,True
3193,2010-07-29,babbbbaaaaabaaaabbbbaaabaabbabbaabbbbaaaabbaababbb,False,749,2445,True
3194,2010-07-30,aababbaaaaabbbbbbabaaababbababababababbbabababbaaa,False,749,2446,True
3195,2010-07-31,bbaabbabbaabaaaaabbbaabbbbaabaabaabbaabbabbaabbbaa,False,749,2447,True
3196,2010-08-01,babaabaaababbbbababaaaaaabbbbaabbbabbaabaabbbbaaab,False,749,2448,True
3197,2010-08-02,abaaababbbbabbaabaabaaabbbbbaaaabbbbaabaabbabbbaaa,False,749,2449,False
3198,2010-08-03,abababababbbbabaaabaabaaababababbbababbbaaaaabbabb,False,749,2450,True
3199,2010-08-04,aababbbababbabaaababaabbbbaaaaabbbbbbabbaabaabbaaa,False,749,2451,True
3200,2010-08-05,abbbbbaaaabaaaaabbbbaabaababaaababbbbabbabaaababbb,False,749,2452,False
3201,2010-08-06,aababbbababbabaaababaabbabbbabababbbabbaabaabbaaaa,True,750,2452,False
3202,2010-08-07,abbabbaababaabaabbababbbabbaabaaababbbbaaaaabbabab,True,751,2452,True
3203,2010-08-08,abaaabaabababababbbbaaababbbababbabbaabaaaababbbab,True,752,2452,True
3204,2010-08-09,abababaaabbabbaabbabaabababaaabaaaabbabbabbbababbb,False,752,2453,True
3205,2010-08-10,abababababbaabaabbababaaaaaaaabbaabbbbbbaabbbbabba,True,753,2453,True
3206,2010-08-11,babbbbaaaaababaabbabaaaababbbabababbaabbabbbabbaaa,False,753,2454,True
3207,2010-08-12,bbbabbaabaaaaaaabbbbabbbbaabaabbabbbaabaabbabbaaaa,False,753,2455,False
3208,2010-08-13,bababbbabaababaaabababbbbababababbababaaabaabbaaab,False,753,2456,True
3209,2010-08-14,aaabbbbababbbabaabaaaabbbaaaaabaabbbbbababababbbaa,False,753,2457,False
3210,2010-08-15,aabbbbbbabbaabaabaaaaabaaababbbbbaabbabaaabbbbaaab,True,754,2457,False
3211,2010-08-16,aabbbbaaabbbabaabbaaabaabaabaabbaabbbabbaabbababba,False,754,2458,True
3212,2010-08-17,bababbbabaaaabaabbabaabaaaabbbbbaaababbaabaabbbabb,False,754,2459,True
3213,2010-08-18,aaababaabbbbbababbaaaaabbabbbbbaababbbaaabbabbaaaa,True,755,2459,True
3214,2010-08-19,abbbbbababbaabaabaaaabaabaabbababbbbaaaaabaaabbbbb,False,755,2460,False
3215,2010-08-20,abbaabaabbbbabaaabababbbbbaabbabbbabaaaaaababbbaaa,False,755,2461,True
3216,2010-08-21,aababbbababbabaaababaabaaabababababbaabbabbaabbabb,False,755,2462,False
3217,2010-08-22,babbbbaaaaabaaaabbbbabbbabaaabaaababbbaaaaabbbbbab,False,755,2463,True
3218,2010-08-23,bababbbabaababaaababaabaabaaabaabaabbabbababbbbbba,False,755,2464,True
3219,2010-08-24,aaabababbbbbbababaaaaaabababbbabaabbbbabababababaa,False,755,2465,True
3220,2010-08-25,abbbbbaabababaaabaabaababbaabbabbaababbbabababbaaa,False,755,2466,True
3221,2010-08-26,aabbbbbaaabbaaaaabbbaaabaaabbbbaaabbbabaabbaabbbab,False,755,2467,True
3222,2010-08-27,aaaaabbbbbbbabaaababaaaababbbabaabbbaaaaabbbabbbab,False,755,2468,False
3223,2010-08-28,babbbbbaaaabaaaaabbbaabbbabbaabababbbabbaaaaabbaba,False,755,2469,True
3224,2010-08-29,baaaabbabaaabababbbbaabbbbababababababbbabaaabbaaa,False,755,2470,True
3225,2010-08-30,ababbbaabababababbaaaabbbbbaaaaabbabbaababbabbaaba,False,755,2471,True
3226,2010-08-31,bbbaabbaabaaabaaabbbababbbaabbabbaabababaabbabbaaa,True,756,2471,True
3227,2010-09-01,abbabbbbbbaaaaabaabaaaababbabaabbabbbabbaabaababab,False,756,2472,True
3228,2010-09-02,baaabbbbaaababaaabbbabbbbbbaaaaaaabbbabbaabaababba,False,756,2473,True
3229,2010-09-03,aaababbbabababababababbaababababaabbabbbabababaaba,True,757,2473,True
3230,2010-09-04,aaaaabababababbbbbbaabaabbbbbbaaabababbaaababbbaaa,False,757,2474,True
3231,2010-09-05,aaaaabbbbbbbbabaaabaabaaabbabaaababbaabaaababbbbbb,False,757,2475,True
3232,2010-09-06,abaaababbbbababababaababbbabbaaaababbaabaababbbbaa,False,757,2476,True
3233,2010-09-07,aabbbbbaaabbaaaaabbbaaaaaababbbbabababbaabbabbabab,True,758,2476,False
3234,2010-09-08,babbabbabbabaaaaababaabbaabbabbbababbabbaaaaababab,False,758,2477,False
3235,2010-09-09,abaaabbabbbabbbaabaaabbbabbabaaababbbaaaaaabbbabab,False,758,2478,True
3236,2010-09-10,bababbbabaababaaababaaabaabbabbbbbbbbaabaabaabaaba,False,758,2479,True
3237,2010-09-11,bbbbabaabbabaaaaababaaaaabbbbaababbbaaababbaababbb,False,758,2480,True
3238,2010-09-12,bbbbbbbabaaaaaaaababaabababbbabbaabbbabbaaabababaa,False,758,2481,True
3239,2010-09-13,aaaaabbbbbabaaababbbaabbbbbbabababababababababaaaa,True,759,2481,True
3240,2010-09-14,abababbbabaaababababababbbbbaaababababbbaababbaaaa,False,759,2482,True
3241,2010-09-15,abaaababbbaabbabbaabaaabbbbaaaabbbbbbaabaabbababaa,False,759,2483,True
3242,2010-09-16,aaaaabbabaabbabbabbbaaabbababbbbbbbbbaaaaabaababaa,True,760,2483,False
3243,2010-09-17,ababbbabbaabaabbabaaabbaaaaaabbbabbbbabaaabaababbb,True,761,2483,True
3244,2010-09-18,aaaabbabaaabbbabbabbaaabaabbaabaabababbbabaabbbbab,False,761,2484,False
3245,2010-09-19,ababbbaaaaaabaabbbbbaabbaabaaabababbbabbabbbbbaaaa,False,761,2485,True
3246,2010-09-20,aaaaabbbbbabbbbbaaaaaababbaabaaaabbbbbaaabbbbbbaaa,False,761,2486,True
3247,2010-09-21,babbbbbaaaaababababaaababbbaaaaabaabbabaababbbabbb,False,761,2487,True
3248,2010-09-22,babbbbbaaaaaaaaabbbbaababbabaaaaababbabaababbbbbab,False,761,2488,False
3249,2010-09-23,aaaaabbaababbbbbabbaabbaabaabbabaaababbbaaaaabbbbb,False,761,2489,False
3250,2010-09-24,bbbbbbaabaaaaaaabbabaabbbbbaaaabaabbabaaaabbabbabb,False,761,2490,False
3251,2010-09-25,bbbabbaabaabbabaaabaaababbbaabaabbabbabaabbabbaaba,False,761,2491,True
3252,2010-09-26,babbabbaababaaaaabbbaababbaabbabbbbbaaaaabababbbaa,True,762,2491,True
3253,2010-09-27,ababbbbbaaaaababababaaabaabbbbbbbaabbabaaaaabbabab,False,762,2492,False
3254,2010-09-28,aabaabaabbabababbbabaaaabbbabaabbaabbbaaaaabbbabbb,False,762,2493,True
3255,2010-09-29,aaabbbbaababbbababaaababbbaaaaaabbabbbbaabbabbaaab,False,762,2494,True
3256,2010-09-30,aaaabbbaabaabbabbbbaabaaaabbbbbaabbbbaaaaabbababab,False,762,2495,True
3257,2010-10-01,aababbbabaaaababbbabaabbbbbaaaabababaabbabbaababab,True,763,2495,True
3258,2010-10-02,aaabbbbabbaabaabbbaaabaabaabaabbbbbbbbbbaaaaabaaba,False,763,2496,True
3259,2010-10-03,abaaababbbababbbabaaaabababbbabaaabbbabbaaaaabbbba,True,764,2496,True
3260,2010-10-04,aaabbbbbbaaaaabbbbaaabbaaabbbabaabbbaabbabbabbaaaa,True,765,2496,False
3261,2010-10-05,abababbbabaabbabaaabaabababababbaabbabbaabaaababbb,False,765,2497,False
3262,2010-10-06,aaababbbbbaababbbaaaaabbaabbbbbbaabbabbaaaaaabbaab,True,766,2497,True
3263,2010-10-07,abbbbbbbbaaaaaabaaabaaabbbaabaaababbbbaaabbabbbaba,False,766,2498,False
3264,2010-10-08,abababbbaaaababbaabbaaababbbababababaabaabbabbabab,True,767,2498,True
3265,2010-10-09,bababbbbbbaaaaaababaaaaaabbaababbabbbabbaabbababba,False,767,2499,False
3266,2010-10-10,ababababababaaababbbabaabbaabaaabbabbaababbabbabba,True,768,2499,True
3267,2010-10-11,aabaabbabaaaabbbbbababbaababbbaabaabbaababababaabb,False,768,2500,True
3268,2010-10-12,aabbabbaaaaaabbbbbabaabababababbabbbabbbaaaaabbbaa,False,768,2501,False
3269,2010-10-13,ababbbabaaaaaaabbbbbabbbaaaaabbbaaabbbbaaababbaabb,True,769,2501,False
3270,2010-10-14,aabbbbaabaabbabbbaaaaababbbbaaaaabbbbbababababaaba,False,769,2502,True
3271,2010-10-15,aaabbbbbabababababaaababbaabaabaababbbbbaaaaabbbab,False,769,2503,True
3272,2010-10-16,abaaababbbaabaabbabbabbabbbabaabbbbbaabaaaaaababab,False,769,2504,True
3273,2010-10-17,abaaababbbabbbbbaaaaabababbabaaaababababaababbbbab,False,769,2505,True
3274,2010-10-18,aaabbbbbbaabaaabababababbbabaaaaaabbabaaabbbbbbaba,False,769,2506,True
3275,2010-10-19,aababbbaabababababbaabbbaaababbaaabbbabbababababaa,False,769,2507,True
3276,2010-10-20,abaaabaabbaabbbbbbaaaaaaabbbbbabbabbaaaaababbbabba,False,769,2508,False
3277,2010-10-21,abaabbabaaaabbbbbabaaababbabaaabaaabbabaabbbbbaabb,False,769,2509,True
3278,2010-10-22,aaababbabbabbabbabaaabababaabaabbabbaaabaabaabbbbb,False,769,2510,False
3279,2010-10-23,babbbbaaaaabaaaabbbbabbbbaaaaabbbbbbbbbbaaaaabaaaa,False,769,2511,True
3280,2010-10-24,bbbabbaabaababaaababababaaababbaaabbbabaabbbababab,False,769,2512,False
3281,2010-10-25,abababbaabaabaababbbaaaabababababbbbbbbaaaaaabbbab,False,769,2513,True
3282,2010-10-26,aaababbbabababbbabaaaababbbbbbaaaabbbabaabbbabaaaa,False,769,2514,True
3283,2010-10-27,abbaabbaabaabbabaabbaaaaaabbbabaaabbbabbaabbbbbbaa,False,769,2515,True
3284,2010-10-28,abbbbbabbaaaaabbbaaaaaabbabbaabbaaababaaaaabbbbbbb,False,769,2516,True
3285,2010-10-29,aababbbabaabababababaabbbbaaaaabaabbbbabaaababbbba,True,770,2516,True
3286,2010-10-30,aaaaababaaabbbbbbabbabaababaaababbbbbabbaabbababaa,True,771,2516,True
3287,2010-10-31,abbbabaaabaaaabbbbbaabbbaababbbabaabaaaaaabbbbbaab,False,771,2517,False
3288,2010-11-01,abaaababbbaaaaabbbbbaaabaabaaababbbbababababbbbbaa,False,771,2518,True
3289,2010-11-02,aaababbbbbabbabbaaaaaaaaababbbabbbabaabaabbabbbaab,False,771,2519,True
3290,2010-11-03,abbaabaabbababbbabaaaaabaaaaabbbbaababaaababbbbbbb,False,771,2520,True
3291,2010-11-04,babaabaabaabbabababbaabbbbbbaaaaabababaaababbbbaab,False,771,2521,False
3292,2010-11-05,bbababbbabaaabbaabaaaaabbbbabaaababbbbbaaaaaabbbab,False,771,2522,True
3293,2010-11-06,bbaaabbbabaabbaaaabbabababababaababbbabaaababbbaba,False,771,2523,True
3294,2010-11-07,bbaaabbbbbaabbbaaaaaabaaaabbaabbbbbbaaaaaabbbbaabb,False,771,2524,False
3295,2010-11-08,bbbaabbabaaaabbaababaaabaaabbbbbaabbbaababbaababba,True,772,2524,False
3296,2010-11-09,bbaaababbbaaabaabbababbabaababbabbabaabaabaabbbaba,False,772,2525,True
3297,2010-11-10,abbbabaaabaaababbbababbabbbbaaaaababbbbbaaaabbaaba,False,772,2526,True
3298,2010-11-11,abaabbabaaabbbabaabbaaabbbaaaaabbbbbabbbabaaabbbaa,True,773,2526,True
3299,2010-11-12,abababababaabbabbaabaabaaaaabbbbbaabbaaaababbbabbb,True,774,2526,True
3300,2010-11-13,abababbbbbaaaaabababaabbabaaaaabbbbbbabbabbabbaaaa,True,775,2526,True
3301,2010-11-14,ababbbabaaabbabbaabaabbabaaabbbbbaabaaaaababababbb,False,775,2527,True
3302,2010-11-15,aababbbaabababababbaaabbbabbaabaaaabaabbababbbbbaa,True,776,2527,True
3303,2010-11-16,aabbabaaababaaabbbbbaaabababababababbaababbbbbabaa,True,777,2527,True
3304,2010-11-17,aabbbbbabbabaaababaaababbaabaabbabababbbabbabbaaaa,False,777,2528,True
3305,2010-11-18,aababbbaaaababbbabbaabababbbaaaaabbbaaababbaababbb,False,777,2529,True
3306,2010-11-19,aababbaabbabababbbaaaaabaaabbbbbbabbaabbabbaabbaaa,True,778,2529,True
3307,2010-11-20,aaaabbbbbbabbbabaaaaabbbaabbabbaaabbabaaaaababbabb,False,778,2530,True
3308,2010-11-21,aababbbabaabaabbabbaaaaaabbabaabbabbbaabaabbababbb,False,778,2531,True
3309,2010-11-22,abaaababababbbbbaabaabaabaabaabbbbbbbaaaaabbbbaaba,False,778,2532,False
3310,2010-11-23,abaaababbbabababababaaabbbaabaabaaabbbbbabbabbabaa,False,778,2533,False
3311,2010-11-24,aababbbaaaababbbabbaaaababbbbaaababbaaaaabaabbbbbb,False,778,2534,True
3312,2010-11-25,baababbbabaababababaaabbaabaaabababbabababababbabb,False,778,2535,False
3313,2010-11-26,babbbbaaaaabaaaabbbbababbbbabaabbaabaabaaababbabab,False,778,2536,True
3314,2010-11-27,aabbbbaaaaabaaabbbbbaabaababbbabababbabaabaabbabab,False,778,2537,False
3315,2010-11-28,aaabbbabaaabbbabbaabaaaaababbbabbabbbaaaababbbabba,False,778,2538,False
3316,2010-11-29,abababbbabaababbaabaabbbabaaaaaaabbbbabaabbabbabab,True,779,2538,True
3317,2010-11-30,abaaabaabbaababbbbbaaaaaabbbbbabbbabbaaaaabbbbaaab,False,779,2539,True
3318,2010-12-01,aaababbaababbbbbabaaabaaabbaababaaababbaaabbbbabbb,False,779,2540,False
3319,2010-12-02,aabbabbbabababbbaaaaaaaabbbbbbabaaababbaabbabbaaba,False,779,2541,True
3320,2010-12-03,abaabbaaaaabbbababbbababbbaabaaabaabbbababbabbaaba,True,780,2541,True
3321,2010-12-04,ababbbababaabaabbabaaababbbaaaabababbabaaabbbbabab,True,781,2541,True
3322,2010-12-05,aaababbbbaabaabbabababbbabaabbaaaaababababbbabbaab,True,782,2541,False
3323,2010-12-06,abaabbabbaaaaaabbbbbaaaabbaabaaaababbbaaabbbbbbbab,False,782,2542,True
3324,2010-12-07,aaabbbabbbabbaabbaaaaaababbbabaabaabbbabaaababbabb,True,783,2542,True
3325,2010-12-08,abbbabbbabaaaaabaabbababbbbbbbaaaabbbaaaaabbababaa,False,783,2543,False
3326,2010-12-09,abbbabbbbbaaaabbaaaaabaabbabbaabbabbabababababaaba,False,783,2544,False
3327,2010-12-10,abbaabbaabaaabbbabbaaabbbbbaababbbbbabbaaaaaabbaaa,True,784,2544,False
3328,2010-12-11,aaababbaaaabbbbbabababaaaaaabbbbbabbaabbaabbabbbaa,False,784,2545,False
3329,2010-12-12,aaaaabbabbabbbbbabaaababbbbbbbaaababbaaaaabaababab,False,784,2546,True
3330,2010-12-13,aaabbbbbaabaaaaabbbbaaaaaaabbabbbabbbbbbabaabbaaba,False,784,2547,True
3331,2010-12-14,baaabbabbaababaabbabaaaabababababbababbbabbaabbaab,True,785,2547,True
3332,2010-12-15,aababbbabaaaababbbababbabaababbaaaabbabbababababba,False,785,2548,True
3333,2010-12-16,aabbbbbabaaaaaabbbabaabaababababababaabaabbbbbbaab,False,785,2549,True
3334,2010-12-17,ababbbabbaabaaababababaabaabbabaaaabbaababbbbbabba,True,786,2549,True
3335,2010-12-18,ababababbbaaaaabbbabaaaaaabaaabababbbabbaabbabbbbb,True,787,2549,True
3336,2010-12-19,baabbbbbaaabaabaabbaababaaababbaabbbbbbaaababbbaaa,False,787,2550,False
3337,2010-12-20,aaaabbbbbaababababababaaabaabbababbbbbaaaababbabba,False,787,2551,False
3338,2010-12-21,aaaabbbbaaaaababbbbbabaabaabaababbabaaaaabbbbbbabb,True,788,2551,True
3339,2010-12-22,abbaabbaaaaabbbbaabbabbbbaaaabbbaabbaaaaabbbababba,True,789,2551,True
3340,2010-12-23,abbabbaabbaaababbbaaababababbbabaaabaaababbaababbb,False,789,2552,True
3341,2010-12-24,aabaababbbababbbbaaaaaabbbbbbaaaababbbaaaaaabbbbab,True,790,2552,False
3342,2010-12-25,aaaaabaabbabbbabbbabaaababbbabababbbbabbaabaababaa,False,790,2553,True
3343,2010-12-26,aaabababbbabaaabbbababbabaabbbbaabababbbabaaabbaaa,False,790,2554,True
3344,2010-12-27,aaaaababaaababbbbbbbaabbbabababbaaabaabbabbabbabaa,False,790,2555,True
3345,2010-12-28,aaaaabbbbbabbaabaabbaabbabbbaaaaababbaabaaaabbbbbb,False,790,2556,True
3346,2010-12-29,aabbabaaababaaabbbbbaabaaababababbbbbaaaabbbbbaaab,True,791,2556,True
3347,2010-12-30,aabbbbbabaaabaabbaabaaabaaaaaabbbaabbbabaaabbbbbbb,False,791,2557,True
3348,2010-12-31,abaaabbbaaaabbbbaabbabbbbaaaaababbabbbbbaaaaabbaab,True,792,2557,False
3349,2011-01-01,aaabababaaabbbbbbaababbbabbbbbaaaaabbabaaaaabbabab,False,792,2558,False
3350,2011-01-02,aabaabaabbabababbbababababbbaaaaaabbaabaabbabbabbb,False,792,2559,True
3351,2011-01-03,abaabbabbaaaababbbababbabbbaaaaaabbbaabaaabaabbbbb,False,792,2560,False
3352,2011-01-04,aabbbbabababababbaaaaabbbbabbbabababbaaaabaaababab,True,793,2560,True
3353,2011-01-05,aaaabbaabaabbabbbbbaabbaababaaabababaabbabbabbaabb,False,793,2561,True
3354,2011-01-06,abaaababababbbbbaabaababababbaaaaabbabababbabbbaba,True,794,2561,True
3355,2011-01-07,aaabbbbbbaaaaabbbbaaaaaaabaaababbbbbabababababbbba,True,795,2561,True
3356,2011-01-08,aaababbbbbabaabbabaaaabbbabaaababbbbabbbabaaabbaaa,True,796,2561,True
3357,2011-01-09,aabaabbbbaabaabbaabbaaababbbababaabbbbaaaabbbbaaba,False,796,2562,True
3358,2011-01-10,aababbbabaaaababbbabaababbabbbabaaabbbaaababbbaaba,False,796,2563,False
3359,2011-01-11,aaabbbbbababaaababbaaaabbabaaabbbabbbbbbaabbabaaaa,False,796,2564,True
3360,2011-01-12,abaaababbbaaabbbbbaaabbbbabaaabaaabbaabbabbbababaa,False,796,2565,True
3361,2011-01-13,aabaabaabaabaabbbbbbaaaaaabbabbbbbbbaabaaaaaabbbbb,True,797,2565,False
3362,2011-01-14,ababababababbbabaaabaabbbabaaabaaabbabababbbabbaba,False,797,2566,True
3363,2011-01-15,aababbbbbbabababaaaaabababbbaaaabbbbaabaaaaabbbbab,False,797,2567,False
3364,2011-01-16,aabaabbabaabbabbaabbabbaabbbbbaabbbbaaaaaaababbaab,True,798,2567,True
3365,2011-01-17,aabaabaabaababbbbbababbabaababbaabbbbabaabaaababba,False,798,2568,False
3366,2011-01-18,abbbbbaabaaaaaabbbababbbabaaaaabbabbababababbbaaba,False,798,2569,False
3367,2011-01-19,aaaaabbbaaabbbbbaabbaaabaabbabbbaabbaabaabbabbabba,False,798,2570,True
3368,2011-01-20,aabbabbabaaaaabbbbababaabbaaababbbabbbaaaabbabaabb,False,798,2571,True
3369,2011-01-21,abaaabbabbaabbbbabaaaaabaabbbbbbaaabaabaabbabbabab,False,798,2572,True
3370,2011-01-22,abaaababbaabbabbaabbaababababababbbbabbbabaaabbaaa,False,798,2573,False
3371,2011-01-23,aababbbabaaabbabbaabaaabababaaababbbbabbaababbbbaa,True,799,2573,False
3372,2011-01-24,abaaababbbababababababbbabbaaaaaaabbbabaaababbabbb,False,799,2574,True
3373,2011-01-25,aaaaabbbabababababbbabbaaaaababbaabbbbaaaaabbbabbb,False,799,2575,True
3374,2011-01-26,abbabbaabaaabbbbbaaaaaabaabaabbabbbbbaaaabbbbbabaa,False,799,2576,True
3375,2011-01-27,aaaaabaaaaabbbbbbbbbaabababaaabbabbbbbabaaabababba,False,799,2577,False
3376,2011-01-28,abbabbbaaaaabbbbaabaaaaabaaababbbabbabababbbabbaba,False,799,2578,True
3377,2011-01-29,ababbbbabbbabaaaabaaaaaababaaabbbaabaabaabbbbbabbb,False,799,2579,False
3378,2011-01-30,baaaababbbabaaaabbbbaaaaaabbabbaabbbaaaaabbbbbbbba,False,799,2580,True
3379,2011-01-31,bbbabbaabaaaabaabbababbbaaaaabbababbabaaabababbabb,False,799,2581,True
3380,2011-02-01,bbbbabaaabaababababaabbbaaabaabbabbbaabbabaaababab,False,799,2582,True
3381,2011-02-02,babbabaaabababaabbabaaabaabbabbbbbbbaabbabaaababaa,False,799,2583,True
3382,2011-02-03,abbaabaabbabbabbaabaaaaabaabbbbbbaabaabaabbabbbaba,False,799,2584,True
3383,2011-02-04,aaaaabbbbbabaabbabbaabbabaabbabbaabbbbbaaaaabbaaba,False,799,2585,False
3384,2011-02-05,aabbbbbaaabbaaaaabbbaabaaabbabbbaaabbabaaaabbbabbb,False,799,2586,True
3385,2011-02-06,aabbbbbaaaabaaababbbaabaabaaababbbbbabaaababbbbaba,False,799,2587,True
3386,2011-02-07,abbbabaaabaaababbbabaaaaabaabaabbbbbbbbbabbabbaaaa,False,799,2588,True
3387,2011-02-08,abbabbaabbaaaaabbbbaaabbbbbbbbabababbbaaaaaaabaaab,False,799,2589,True
3388,2011-02-09,aabbabbbbbabaabbaaaaabbbbbbaaaaababbaabaaaaabbbbba,False,799,2590,False
3389,2011-02-10,aaabbbbbaaabaaababbbabbaabbabbaaaabbbbaaaaabababbb,False,799,2591,True
3390,2011-02-11,baabbbbbaaabaabaabbaaaabbabaaabbababbbbbaababbabaa,False,799,2592,True
3391,2011-02-12,abababbbabaaaaababbbaabbaaabaabbabbbbabbaaaaabbbab,False,799,2593,True
3392,2011-02-13,abbabbbabaaabbabaaabaababbbaabababababbaaaaabbbbba,False,799,2594,False
3393,2011-02-14,abaabbabbaabbbbbaaaaababbaaaaabbbbabbaabaabbababab,False,799,2595,True
3394,2011-02-15,abababbaabbababaabbaaababababbbbbbabbbaaaaaaabaabb,False,799,2596,True
3395,2011-02-16,abaabbbbbbbaaaaaabbaaaaababbbabbbbbbaabaabaabbabaa,False,799,2597,True
3396,2011-02-17,aaaaabbbbbbbbbbaaaaaaababbabaaabababaabaabbabbbabb,False,799,2598,True
3397,2011-02-18,aababbbababbabaaababaaaaaabbbbbabbbbaaaaababbbbbaa,False,799,2599,False
3398,2011-02-19,bababbbabaababaaababaaaaabaabbabbbababababaabbbbba,False,799,2600,True
3399,2011-02-20,aabbbbaabaabaaabbbabaabababababaababbbababbaabaabb,False,799,2601,True
3400,2011-02-21,aaabbbaabaabbaabbbabaaabaabbaababbbbaaaaabbabbbabb,False,799,2602,True
3401,2011-02-22,aabaabbaaaababbbabbbabbbaaababbaabbbbbbaabaabbaaaa,False,799,2603,False
3402,2011-02-23,aaababbaaaaababbbbbbabbababaaabaababbabbaababbabba,False,799,2604,True
3403,2011-02-24,aaaabbaabbabbaabbbbaabbbaaabbbbaabbbbbaaabaabbaaaa,False,799,2605,False
3404,2011-02-25,abbaabbabbaaaabbabbaaabbaabbbbbbaabbbaabaaaaababba,False,799,2606,True
3405,2011-02-26,aaaabbbabaabbabbabbaabbbabaabbaaaabbbabaaabaabbbab,False,799,2607,True
3406,2011-02-27,aabaabaabbabbbbbbaaaaaaaabbbbbaaababbbbbabbabbaaaa,False,799,2608,True
3407,2011-02-28,abbabbaabaaababbbabaababbbaaaaabbabbababaabbabbaba,False,799,2609,True
3408,2011-03-01,aaababbbabbababababaababaabaabbabaabbbabaaabababbb,False,799,2610,True
3409,2011-03-02,abaabbabbabbabaaababaaaaaabbabbabbababababababbabb,False,799,2611,True
3410,2011-03-03,aabbbbbaaabaabaabbababbabbaabaaababbbbabaaababbaba,False,799,2612,True
3411,2011-03-04,abababababaaababbbabaabbbbbabaabbbabbaaaaababbaaab,False,799,2613,False
3412,2011-03-05,ababbbbaabaabbababaaaabbbabaaabbbbabbaabaaabababab,False,799,2614,True
3413,2011-03-06,abababababaaaaabbbbbabbbbaabbabbaaabbbbbaaaabbaaaa,False,799,2615,True
3414,2011-03-07,aabaabbaababbbbbaabaaaaabaababbabbabbaababbbabbaba,False,799,2616,True
3415,2011-03-08,ababababbbbabababaaaabaabbbabaaabbbbbbabaabbabaaaa,False,799,2617,False
3416,2011-03-09,aaaaabbbbbbbbbbaaaaaaaabaabbbabbbabbbaabaababbaaba,False,799,2618,True
3417,2011-03-10,abbbbbaaabbaaaaabbbaabbaababbaababbbaaaaabaabbabbb,False,799,2619,True
3418,2011-03-11,abbbbbaaaabaaaaabbbbababaaaabbbbbaababaaabbabbaabb,False,799,2620,True
3419,2011-03-12,abbabbbababaabaaababaaabababaaabaaabbaababbbbbabbb,False,799,2621,True
3420,2011-03-13,aababbbababbabaaababaabababbabbaabbbaaaaabababbbba,False,799,2622,False
3421,2011-03-14,aabbbbbababbaaaaabababbaabbabbababababbbaababbaaaa,False,799,2623,True
3422,2011-03-15,bbbbbbababaaaaaababaababababababbbabaaabaabbbbbaaa,True,800,2623,True
3423,2011-03-16,bababbbbbbaaaaaababaabbbbbabaaabaaabbabaaabbbbaaab,False,800,2624,False
3424,2011-03-17,abbbabbabbbababaaaaaabbaaaaabbbbbabbbbbaaaaabbaaba,False,800,2625,True
3425,2011-03-18,aababbabbbbbaaaababaababbabaaabaababbbbbaabaababab,False,800,2626,True
3426,2011-03-19,baabbbabababaaaabbbaaaabaaababbbaaabaabaabbbbbbbab,False,800,2627,True
3427,2011-03-20,abbbbbbbbaaaaaabaaabaaabbaabaabbabbbaaaaabbbabbbab,False,800,2628,True
3428,2011-03-21,aaaaabbabbbbbabaabbaabbabaaababbaabbbbbbaabaabaaba,False,800,2629,False
3429,2011-03-22,abaabbabbbbaabaabbaaabbbaabbbbbbaabbaaabaaaaababba,True,801,2629,True
3430,2011-03-23,babbbbbbaaababaaaaabababbbbaaaabbbababbbaaaabbabaa,False,801,2630,False
3431,2011-03-24,bbaaabaaabaabbbabbbaababbabbaabababbbabbaaaaababba,False,801,2631,True
3432,2011-03-25,aababbbabaabababababaabbaaaababbabbbbaababbaababab,False,801,2632,False
3433,2011-03-26,aababbbaaaaabbabbabbababaaababbbbabbbaaaaabbbbaaba,False,801,2633,True
3434,2011-03-27,aaabbbbbabaaaaabbbbaaababbbaaaabababbbaaaabbbbaabb,False,801,2634,True
3435,2011-03-28,ababbbbbabaabaabaabaabaabaababbaababbaababbbababba,False,801,2635,False
3436,2011-03-29,aaaaabbbababbbbbaabaabaabaaabababbabaaaaabbabbbbbb,False,801,2636,False
3437,2011-03-30,ababbbababbaabaabbaaaabbbaabaabbabababababababbaab,False,801,2637,False
3438,2011-03-31,babaabaabaabaababbbbaababababababaababaaababbbbabb,False,801,2638,True
3439,2011-04-01,aaababbbababbabbaabaabbabbaabaabbabbbbabaaababaaba,False,801,2639,True
3440,2011-04-02,abbbabaabbbaaababbaaabbabbaabaaabaabbbababababaabb,False,801,2640,False
3441,2011-04-03,abbabbaaaababbbababaaaaabaaaaabbbbabaaababbbbbbbba,False,801,2641,False
3442,2011-04-04,aaaaabbabbbbbabaabbaaaabbbbbaaabbbbbaabaabbabbaaaa,False,801,2642,True
3443,2011-04-05,aaaaabbbbbbababababaaabbabaabaaababbbabaabaabbbbab,True,802,2642,False
3444,2011-04-06,abbabbaababaabaabbabaaaabbabbaabbabbbbaaaaababbabb,False,802,2643,True
3445,2011-04-07,aababbbababbabaaabababbabbaabaaababbaaaaabbbabbabb,False,802,2644,False
3446,2011-04-08,aabbabaabaabaabbbbababababaaababbbababababbbbbaaaa,False,802,2645,False
3447,2011-04-09,aababbabaaabababbabbaabababbbabababbbaaaabababaabb,False,802,2646,False
3448,2011-04-10,abbabbbabaaaaaababbbabbbbbaaaaabbbbbaaaaaabbbbbaaa,False,802,2647,True
3449,2011-04-11,aabbbbbaaaaaaaabbbbbaaabaabbabbababbabbbabaaabbaba,True,803,2647,False
3450,2011-04-12,aababbbabaaaaaabbbbbaabbbbaaaaabababbaaaabbbbbabab,False,803,2648,True
3451,2011-04-13,abbaabaabbaabbbbbaaaabbbabaaaaaaaabbabababbbbbbaba,False,803,2649,True
3452,2011-04-14,aabbbbaaaaabaabbbbbaaaabbbbbabaabbabaabaabbaabbaab,False,803,2650,True
3453,2011-04-15,abaabbabbaaaababbbabaabaaabaabbababbbbbbaaababbaba,False,803,2651,False
3454,2011-04-16,aababbaaababbbabbabaababbaabaabaabbbaaaaabbbabbbab,False,803,2652,True
3455,2011-04-17,ababababbbabbabbaaaaaabaaaaababbaaabbbabababbbabbb,False,803,2653,True
3456,2011-04-18,aabbabaaababaabbbbbaabaabbbaaaaabbbbbbbaaaabbbabaa,False,803,2654,True
3457,2011-04-19,babbbbbabbabaaaaabaaaaaabaabbbbabaabbabaabababbbab,False,803,2655,False
3458,2011-04-20,abbbbbabaaabababaaabaaabaabbbabaaaabbbabababbbabab,True,804,2655,True
3459,2011-04-21,abababbbbbaababbaaaaabbbbaaaaabababbbbbbaaababbaaa,True,805,2655,True
3460,2011-04-22,abaabbabbaaaababbbababbabaababbbababbbbbaaababaaaa,False,805,2656,False
3461,2011-04-23,abababbbbbaaaabbabaaaabababaaababbababbaababbbbaab,True,806,2656,True
3462,2011-04-24,aabbabbaababaabbabbaababaabbbabbaaabaaabaabbbbabab,False,806,2657,True
3463,2011-04-25,aababbbabaaabbabbaababbabaaabababaabbbabababbbaaba,False,806,2658,True
3464,2011-04-26,aaabababaaabbbbbbaababbbabaabbaabbabbbaaaaaabbbaab,False,806,2659,False
3465,2011-04-27,aaabbbbabaaababbbbaaabababbabaaababbbaaaaabbbbabab,False,806,2660,False
3466,2011-04-28,aaababbbababbabbaabaababaabbbabaaaabababaaabbbbbab,False,806,2661,False
3467,2011-04-29,abababbbbbaaaaababababbabaaababababbbbabaaababbaba,False,806,2662,True
3468,2011-04-30,bbababaaababbabaabbaabaaabbbbbaaababbbbbaaaabbabaa,False,806,2663,False
3469,2011-05-01,bbaabbbabbaabbaaabaaabbbaaaaabbbbbbbbbbaaaaaabaaab,False,806,2664,False
3470,2011-05-02,ababbbabaaaaababbbabaaabbbabaaaabbbbbbbbabaaabbaaa,False,806,2665,False
3471,2011-05-03,abaaabaabbabbbababababbbbbaabaabbaabbbbaaaaabbaaab,False,806,2666,True
3472,2011-05-04,aababbbabaababbbabaaabaaabaabbabbbababbbabbabbaaaa,False,806,2667,True
3473,2011-05-05,aababbbabaaaababbbabaababbabbaabaaabaabaabaabbbbbb,False,806,2668,True
3474,2011-05-06,aabaabbbbbabaaabaabbaabbababbaabaabbbaababaaababbb,True,807,2668,True
3475,2011-05-07,aabbbbbaaaabbbbbaaaaabbbaabaaabaaabbbbabaabbbbaaba,False,807,2669,True
3476,2011-05-08,abababbbaaaaaabbabbbaaaaabbbababbbbbaabaabbabbaaba,False,807,2670,True
3477,2011-05-09,aabaabbabaababbbababababababababababbabaaababbabab,False,807,2671,True
3478,2011-05-10,ababababababbabbaabaababbaabaabbabbbbaabaabaababba,False,807,2672,False
3479,2011-05-11,aaababbbabbababababaabaabaabbbbbbaababababababaaba,False,807,2673,True
3480,2011-05-12,aabbabbaabbaaaaabbbbaabbbabbabbaaaabbbbaabaaabaabb,False,807,2674,False
3481,2011-05-13,baababbbababbaaaaabbaaabbabaaababaabaaababbbabbbbb,False,807,2675,True
3482,2011-05-14,aaaaabababbbbbbababaaaaabaaaaabbbbbbbaaaaabbabbbbb,False,807,2676,False
3483,2011-05-15,aababbbababbabaaabababaabababababbabbbbbaaaaababab,False,807,2677,False
3484,2011-05-16,aababbbababbaaaaabbbaaaaaabbaabbabbbaabbaababbbbba,True,808,2677,True
3485,2011-05-17,aaaaabbbbbabababababaabbbaaababbaaababababbabbbaba,False,808,2678,True
3486,2011-05-18,aaaaabbbbbaaaaabbbbbabaaabbbabaabbbbaaaaaabbbbbaba,True,809,2678,True
3487,2011-05-19,abaaabaabbaabbbbbbaaaaaabbbbbaaaaaabbbbaaaaabbbbbb,False,809,2679,False
3488,2011-05-20,abbabbababaaababbabaabbabbaabaabbbbbaabaaababbbaaa,False,809,2680,True
3489,2011-05-21,aababbbaaaababababbbaabbaabababbaabbbaabaabaababbb,False,809,2681,True
3490,2011-05-22,aaaabbabaaabbbabbabbaaaababbbabababbbbbaaaaaabbabb,False,809,2682,False
3491,2011-05-23,aabbabaaaaabaabbbbbbaabbabaaaaaaabbbbaaaabbbbbbbab,True,810,2682,True
3492,2011-05-24,aabaabbbbaaaaabbbabbabaaaabbabbbaaabaabbaabbbbabba,False,810,2683,True
3493,2011-05-25,aabbababababaaabbabbabaabbabbaabaabbabbaaabbbbbaaa,False,810,2684,False
3494,2011-05-26,aaaaabaabbabbaabbbbbaaaaabaabaabbbbbbbbbabbabbaaaa,True,811,2684,False
3495,2011-05-27,aabbbbabbbabaaabbaaaabaaabbabbaababbabaaaaabbbbbba,False,811,2685,True
3496,2011-05-28,babbbbbabaabaabaabaaabaabbaabbaabaababbaabbaabbabb,False,811,2686,False
3497,2011-05-29,bbaaabbbbbaaaaaaabbbaababaaababaaaabbbababbbabbabb,False,811,2687,True
3498,2011-05-30,bababbbabaabbbbaaaaaabaaabbbbbabaaabaabbaabbababab,False,811,2688,False
3499,2011-05-31,aaababbbabbbbabaaabaabbbabaaabaabbababbbabaaabbaab,False,811,2689,True
3500,2011-06-01,aaababbbabbbbabaaabaabbabbababaaababbabaaabaabbabb,False,811,2690,True
3501,2011-06-02,abbabbbaaabaabaaabbbaabaabbabbaabaabababababbbbaba,True,812,2690,True
3502,2011-06-03,aababbbababbaaaaabbbabbbbbaaaaaabbbbabbbabaaabbaaa,True,813,2690,True
3503,2011-06-04,aaaaabbbbbbbbbbaaaaaaaaaaababababbbbaaaaabbabbbbbb,False,813,2691,True
3504,2011-06-05,aabaabbababbbbbaaaabaabababbbabaaabbabbbabaaabbaba,False,813,2692,False
3505,2011-06-06,abbbbbaaaabaaababbbaabbabaaababbbaabaabbabbabbaaba,True,814,2692,False
3506,2011-06-07,aaababbababbbabaababababaaabaabaabababababbbbbbaab,False,814,2693,False
3507,2011-06-08,abbbabbbabbaaaaaaabbabbabaaabababbbbbaabababababaa,False,814,2694,False
3508,2011-06-09,aababbaababbaaaabbbbaaaaabbbabaabbababbaabaabbbabb,False,814,2695,True
3509,2011-06-10,abbbbbbbaabaaaaaaabbaaabaabababababbabababbbbbbaaa,True,815,2695,True
3510,2011-06-11,baabbbbaaaabbaaaabbbababaabbabbabbbbbabbaaaaababaa,False,815,2696,False
3511,2011-06-12,abaaababaababbbababbabaaaaababbaaaabbabaaabbbbbbbb,False,815,2697,True
3512,2011-06-13,ababbbaaaababababbbaaaababbabbaabaabbbbbabbaabaaab,False,815,2698,True
3513,2011-06-14,aababbbaaabbabaaabbbaaabbabbaabababbaaababababbbba,False,815,2699,True
3514,2011-06-15,abbaabaabbbbabbaabaaaaaabababbbabbabbaaaabbabbabba,False,815,2700,False
3515,2011-06-16,abaaabbbbbbabbbaaaaaabbbbbabaaabababbabbaaaabbabaa,False,815,2701,True
3516,2011-06-17,aaababbbbbbbbabaaaaaaaaaababbbabbbbbaaaaabbbbbbaaa,False,815,2702,True
3517,2011-06-18,abbabbaababaaaaabbbbababbaabaabbbbabbbbaaaaabbaaab,False,815,2703,False
3518,2011-06-19,abbabbaababbabaaababaaaabaabbbbbbaabaabbabbaabbaba,False,815,2704,True
3519,2011-06-20,abbbbbaababaaaaabbababbbbaaaaabbabbbbbabaaaaababba,False,815,2705,True
3520,2011-06-21,aababbbabbbbabaaabaaabaaaaabbbbbbbabbaaaaababbaabb,False,815,2706,True
3521,2011-06-22,aaaaabbbbbbbbbbaaaaaaaabaabbbbbbbabbaaaaaaababbbab,False,815,2707,False
3522,2011-06-23,abbaabaaabbaabbabbbaababaaabbbbbababbaaaaababbabab,False,815,2708,True
3523,2011-06-24,aababbbabaaaaaabbbbbaababbbbbaabaabbaabaabbaabaabb,False,815,2709,True
3524,2011-06-25,aababbbabaabababababaaaabbbbbaababbbbbbaaababbaaaa,False,815,2710,False
3525,2011-06-26,aaabbbabbbabaaabbbaaabbabaaababbaaabbabbaabbbbabaa,False,815,2711,False
3526,2011-06-27,abaabbaaaaaabbabbbbbaaababbbabaaabbbabbbabaaabbbaa,False,815,2712,True
3527,2011-06-28,abbaabaaabababababbbabaaabbabbaababbabababbbabaaba,True,816,2712,True
3528,2011-06-29,abbbbbbabaaababbaaaaabbbbbbaaaaaaaabaaabaabbbbbbba,False,816,2713,True
3529,2011-06-30,aababbaabaabaaabbbbbabbbbaaaaabaaaabbbababbbbbaaba,False,816,2714,True
3530,2011-07-01,abaaabababaabbbbbabaabbbbbaaaaababababaaababbbabab,False,816,2715,True
3531,2011-07-02,ababbbbbabaabaabaabaabbbbbbaaaaaabababaaaaabbbbbab,False,816,2716,False
3532,2011-07-03,aabaabaabbababbbbbaaaababbbabbaaababbbbaabaabbabaa,False,816,2717,True
3533,2011-07-04,abaabbabbaaabbabbaabaaaabbabbbaaaaabbbaaabbbabbabb,False,816,2718,False
3534,2011-07-05,ababbbabaaaaababbbababbbbabaaababbabaaaaaababbbabb,False,816,2719,True
3535,2011-07-06,aababbbaaaababababbbababaaababbbbabbbbabaaababaaba,False,816,2720,False
3536,2011-07-07,aababbaaababbbabbabaabaaaaaabbbaabababbbabbabbbbaa,False,816,2721,False
3537,2011-07-08,abaabbbbabaaabababbaaababbbabaaabbbbaaababbbabbaaa,False,816,2722,True
3538,2011-07-09,abbbabaaaaaaaabbbbbbababbbaaaaabbbbbabbaabaaababab,False,816,2723,False
3539,2011-07-10,aaaaabbbababbbbbaabaabaaababbbabaaabbabbaabbbbabaa,False,816,2724,False
3540,2011-07-11,abbaabaabbaaabbbbbaaabbaabaaaaababbbbbabaaabababbb,False,816,2725,True
3541,2011-07-12,abbbbbbabaaaaaabababaaabaaababbbaaababbaababbbbbab,False,816,2726,True
3542,2011-07-13,abbbbbaabaaaaabbbbaaaabbbabaabbaabababababbaabbaba,False,816,2727,True
3543,2011-07-14,aabbabbaaaaaabbbbbabababaaabbbbababbbabaabaabbabaa,False,816,2728,False
3544,2011-07-15,abbbbbbabaaaaaababababbabbaabaabbabbbbabaaababaaba,False,816,2729,True
3545,2011-07-16,abbbabbabaaaaabbababaabbbbbaaaabababbbbaaaaabbabab,False,816,2730,True
3546,2011-07-17,aaababbbababbabbaabaabaaaabbabbaababaabaabbbbbabab,True,817,2730,False
3547,2011-07-18,abbbabaaabaababbbabaaababbbaaaaaababbbaaababbbabbb,False,817,2731,True
3548,2011-07-19,aaaaabbbbbaaaaabbbbbabbaabaaaaaaabbbbaaaaabbbbbbbb,False,817,2732,True
3549,2011-07-20,aaaabbabaaabababbbbbababaabbaabababbbabaaaaabbabbb,False,817,2733,True
3550,2011-07-21,aaababbbababbabbaabaaabbbbbaaaaaaabbbbaaaabbbbbaba,False,817,2734,True
3551,2011-07-22,aaababbbabaaaabbbbbaaabbbbbaaaabbbbbaaaaaababbbaba,False,817,2735,True
3552,2011-07-23,aabbbbaabaabaaabbbabaaaaaabababbbabbabbaabbabbaabb,True,818,2735,False
3553,2011-07-24,aababbbaaaaabbbbbabaaaabaabaabbaabbbbbbaaababbbbaa,True,819,2735,True
3554,2011-07-25,abbbbbaabbabaaababaaabbababbbbbaaaabbaabaaabababba,False,819,2736,False
3555,2011-07-26,abbbabaabbaaaabbbbaaaabbbabaabbababbabbaabababbaaa,False,819,2737,True
3556,2011-07-27,aaaaabbbbbaababbbabaababbaabbbbbaabbbaaaaabaababba,False,819,2738,True
3557,2011-07-28,aabaabbaaaaabbbbbabbaabbabbbaaabbabbaaaaababbbaabb,False,819,2739,True
3558,2011-07-29,aabbabaabbabaaabbbabaabbaaaaaabbbaabbbabababbbaabb,False,819,2740,False
3559,2011-07-30,aaaaabbbbbabbbbbaaaaaaabbbbbbbabbbabaaababaaababaa,False,819,2741,True
3560,2011-07-31,abbaabaaabababababbbabbbabbabaaaaabbaabbaabaabbbab,False,819,2742,True
3561,2011-08-01,abbaabaabbaaaabbbbbaabaabbababaabbbbabbaabababbaaa,False,819,2743,True
3562,2011-08-02,aababbbabaabbabbaabaabaabaabbabaabababbaabbabbbaab,False,819,2744,True
3563,2011-08-03,abaaabbbbbbabbbaaaaaaaabababbbabaabbbbaaabbabbaaba,False,819,2745,True
3564,2011-08-04,aaaaabbbbbbbbbbaaaaaaaaaabbaaaabbabbabbbababababbb,False,819,2746,True
3565,2011-08-05,aaababbbabbbbabaaabaaaabbbbaaaabbaababbaaababbbabb,False,819,2747,False
3566,2011-08-06,aababbaababbaaaabbbbaabaabaabbaabaabbabbababbbbbaa,False,819,2748,False
3567,2011-08-07,aabbbbbaaabbaaaaabbbaabbabbabbaabbabbbabaaaabbbaaa,False,819,2749,False
3568,2011-08-08,aababbbaaabbabaaabbbabaaaabababababbbbabaaabbbabba,False,819,2750,False
3569,2011-08-09,aaabbbaaabbbbaaabbbaabaaaaabbbbbbabbaaabaabbabbaba,False,819,2751,True
3570,2011-08-10,aaaabbabbbbbabaabbaaaabaabbabbabbaabaabbabbabbaaba,False,819,2752,False
3571,2011-08-11,aababbbababbabaaababaaabaabaaababbbbabbbabaaabbbab,False,819,2753,True
3572,2011-08-12,aababbbbbbbaaaaababaababbaabbabbbabbbbaaaaabbbaaaa,False,819,2754,False
3573,2011-08-13,abbabbaabaaaababbbabaababbbabaaababbbbababababaaba,False,819,2755,False
3574,2011-08-14,aabbbbbabaabaaabababababbbaaababbbabbbbbaaaaababaa,False,819,2756,False
3575,2011-08-15,aaababbbabaaababbbabaaaababaaababbabaaababbbabbbbb,False,819,2757,True
3576,2011-08-16,aaababbbababbabbaabaabbababbbabaababaaaaaabbbbbaab,True,820,2757,True
3577,2011-08-17,abbabbbabaaaaaababbbaaabbbbaaaabbaabababaabbbbbaba,False,820,2758,True
3578,2011-08-18,abaaababbbaabbabbaabaaabaaababbaaaabbbbaababbbbbab,False,820,2759,False
3579,2011-08-19,aaababbbababbabbaabaabaaabbbbbaaababababaaaaabbbbb,True,821,2759,True
3580,2011-08-20,abbbbbbaaaaaaaababbbabbababbbbbaaaababbbaaababbaaa,False,821,2760,False
3581,2011-08-21,aabbbbaaaaabaaabbbbbaaabbbbaaaaabaabbbbbabbbabaaab,False,821,2761,False
3582,2011-08-22,aabaabbabaaaabbbbbabaaabaabbbbbabaabbaaaabbabbaabb,False,821,2762,True
3583,2011-08-23,abbabbabbaababbbaaaaabaaaaababbabbbbbaaaaaababbbbb,False,821,2763,False
3584,2011-08-24,baaabbabbaabaaaabbbbaabaaaaababbabbbabaaabbbbbbaab,False,821,2764,False
3585,2011-08-25,babbbbaaaaababbabbaaabbaaaababbaababbbabaaababbabb,False,821,2765,False
3586,2011-08-26,bbabababababbbbaaaaaabaaabaabbaabbabbaaaabbabbabbb,False,821,2766,True
3587,2011-08-27,bbabababbaaaaababbababbaaaaaabbabbabbbabaaabbbbaba,True,822,2766,False
3588,2011-08-28,bbaaabaabbabbaaaabbbabbaabbabbaaaaabaaaaabbbbbabbb,False,822,2767,False
3589,2011-08-29,ababababaaaaabbbbbababaabbaaaaaabbababbbabbabbbaba,True,823,2767,False
3590,2011-08-30,aabaabbabbabbabbaabaabaaababbbaaaaabbabaabbabbabbb,False,823,2768,False
3591,2011-08-31,abbbabbaabaabaabaabbaaababbbbbabaabbaaaaabbaababbb,True,824,2768,True
3592,2011-09-01,abababaabaaababbbbababaabbabbaabbabbbbabaaababaaba,True,825,2768,True
3593,2011-09-02,ababbbbbabaabbabaaaaaaaaaabbbbbbbbabbbaaaaabbbaaab,False,825,2769,True
3594,2011-09-03,abbabbaaaaababbbabbaabbabbbabaabbbbbababaaababaaaa,True,826,2769,True
3595,2011-09-04,abaabbbbaaaabbbbaabaababababbbabaaabbbbaaababbaaab,False,826,2770,False
3596,2011-09-05,abaaabbaabaabbababbbabbbbbaabaaababbbabbaaaaabbbaa,False,826,2771,True
3597,2011-09-06,abaaabbbbaaababbaabbabaaababababaaabaabaaabbbbbbbb,False,826,2772,True
3598,2011-09-07,abababaaaababababbbbabaabbabbbaabaabbabbabbbabaaaa,True,827,2772,False
3599,2011-09-08,aabbbbbbabbaaaaababaabbbbabaaabababbbbabaaababaaba,False,827,2773,False
3600,2011-09-09,abaabbababbabbaababaaaabaabbabbaaaabaabbabbbabbbab,False,827,2774,True
3601,2011-09-10,aaababbababbbabaababaabbaaaaabbababbbabbabaaabbbba,False,827,2775,True
3602,2011-09-11,aabbbbbababbaaaaababaaaaaababbbabbabbbababbbbbaaaa,False,827,2776,False
3603,2011-09-12,aabbbbaabaabaaabbbabaaaababbbabbabbbabbaabbabbaaaa,False,827,2777,True
3604,2011-09-13,aabbbbbabaabaaabababaabbbaabbabaababbaababaaabbbab,True,828,2777,False
3605,2011-09-14,aabbabbbbbaaaabbbaaaaabababaaabbbbbbabbaaaaabbbaba,False,828,2778,True
3606,2011-09-15,aaababbbbbaaaaabbbababbabbaabaabbbababbbaaaaabbaab,False,828,2779,False
3607,2011-09-16,aaaabbabbbabababbbaaabaabaababbbaabbbabaaabbababba,False,828,2780,False
3608,2011-09-17,aaaaabbabaabbbbbababababababababaaabbbbaaaabbbabab,False,828,2781,True
3609,2011-09-18,abbbabaabbaaaabbbbaaababaaabbabaabbbabababbaabbaab,False,828,2782,True
3610,2011-09-19,aaabbbabaaabbabbbabaabaaaaaababbaaababbbaabbbbbbab,True,829,2782,True
3611,2011-09-20,abbbabaabbaaaabbbbaaaabaaabababaaabbabababbbbbbaba,False,829,2783,False
3612,2011-09-21,aaaaababababababbbbbaabababbbbbababbaaaaabababbaba,True,830,2783,False
3613,2011-09-22,abababbbaaaababbaabbabbbabaabaaababbabaaabaabbbabb,False,830,2784,True
3614,2011-09-23,aaababbbabbababababaababbaababbabaabaabbabaaabbbba,False,830,2785,True
3615,2011-09-24,abaaababbbbabbbabaaaaaababbbabaaabababbaabbabbbaab,False,830,2786,True
3616,2011-09-25,abaaababbbbabbbabaaaabbbbaaaaabbaabbbaabaabbababba,True,831,2786,True
3617,2011-09-26,abaabbabbabaabaabbabababbbbbbaaaaaababbbaaaaabbbab,False,831,2787,False
3618,2011-09-27,abbbbbaaaabbaaaaabbbabaabbaabbaabaabaabbabbaabbbba,False,831,2788,False
3619,2011-09-28,aaababbbabbbbaaaaabbaabababbabbaababbabaaabbbbbaaa,False,831,2789,False
3620,2011-09-29,aababbbbbabaabaabaabababbbabbaabaabbbabbaabaababaa,False,831,2790,True
3621,2011-09-30,aababbbababbabaaabababaaababaaabbbbbabbbababbbaaaa,False,831,2791,True
3622,2011-10-01,aabbbbbbaabbaaaaaabbabbababababbabbbaaaaaabaababbb,False,831,2792,True
3623,2011-10-02,aaaabbbababbbbbaabaaaaaaabbabbabbbbbbbaaaabbbbaaaa,False,831,2793,False
3624,2011-10-03,aaababbbabbabbbabaaaaaaaaabbbbbabbbbbaaaaabbbbbaaa,False,831,2794,False
3625,2011-10-04,aaaaabbbbbbbbbbaaaaaaababbbaaaaaababaabbabbabbbbba,False,831,2795,False
3626,2011-10-05,abababaaabbbbabaabbaabababbbaaaabbbbaabaaababbbaab,False,831,2796,True
3627,2011-10-06,aababbaabbbbabaabbaaaababbbabaabaaababbbaabaabbabb,True,832,2796,True
3628,2011-10-07,aaaaabbbabbbbbaaaabbababbbabbbaabaabbabaaaaaabbbab,False,832,2797,True
3629,2011-10-08,abbaabaabbbaabaabbababbbabaaabaaaabbbbbaaaaabbbbba,False,832,2798,True
3630,2011-10-09,abbabbaabbbbabaaabaaabaaababbaaabbbbbaaaaababbbabb,False,832,2799,True
3631,2011-10-10,abbbabababbaaabababaaaabbaababbabbabbaababbaabbaba,True,833,2799,True
3632,2011-10-11,abbbabaaaaaaaabbbbbbabaaaabbbbbbbabbabbbaaababaaaa,False,833,2800,True
3633,2011-10-12,aabbbbbaaaababbbabaaaabababababaaaabaabbabbaabbbbb,False,833,2801,True
3634,2011-10-13,abbbabaaaabbbabaaabbabbaaaaababababbaabbabbabbbaba,False,833,2802,True
3635,2011-10-14,abaabbabaabaabaabbbbababbabaabbbbabbabbaaaabababaa,False,833,2803,True
3636,2011-10-15,ababbbabaaabaaababbbaabaabbabbababbbbbaaaaabababab,False,833,2804,True
3637,2011-10-16,abaabbabbbabaaababbaabbaaabaabbabbabaabbaabbbbbaaa,False,833,2805,True
3638,2011-10-17,abaabbbabaaabbbbabaaaaaabaabbabbaaabbbbbabbabbaaba,True,834,2805,False
3639,2011-10-18,aababbbabaabbabbaabaabbabaaababbbabbbabaaaaabbabba,False,834,2806,True
3640,2011-10-19,babaababbbabaaaababbabbabaabaabaabbbaaaaabababbbbb,False,834,2807,True
3641,2011-10-20,ababababbbabaaabababaaabaaabbbbabbbbbaaaabbabbbaaa,False,834,2808,True
3642,2011-10-21,babbabaaabababbabbaaaabbbbbaaaababbbaabbaabaabbbaa,False,834,2809,True
3643,2011-10-22,baababaaaaabbbbabbabaabbaabbabbaaabbabababababbaba,False,834,2810,False
3644,2011-10-23,abababababbababababaaaaababbaabbbabbabbbaaababbaba,False,834,2811,False
3645,2011-10-24,aaababbbabbababababaaababaaababbababbabaabbabbabab,False,834,2812,True
3646,2011-10-25,abbabbbbbabaabaaaaababbbbaabbbbbbaabaaaaaaabbbbaaa,True,835,2812,True
3647,2011-10-26,abbabbaaaabaabaabbbbaaaaaaabbbbaaaabbbbbabbaabbabb,True,836,2812,True
3648,2011-10-27,abababababbbaaaaabbbabbaabaabbaababbbaaaaabbbbbaba,False,836,2813,True
3649,2011-10-28,abaabbabbabaabaabbababbaabbbaaaaababbaabaaabbbabbb,False,836,2814,True
3650,2011-10-29,abababababbaaaaabbbbaabbabbabaaabaabbbabaaabbbbaab,False,836,2815,False
3651,2011-10-30,abbabbaaabbaabaabbbaaabbbabaabbabbabbaaaababababab,False,836,2816,False
3652,2011-10-31,bbbbbbaaaaaaaaaabbbbabbabbabbbaaababbbbbaaaaabbaaa,False,836,2817,True
3653,2011-11-01,bbbaabaabbaaabbabbaaabababbaaaaabbbbbbabaabbbbaaaa,False,836,2818,True
3654,2011-11-02,babbbbbabaabaaaaabababbabbaabbabbbabbaabaaabababaa,False,836,2819,True
3655,2011-11-03,bbbbbbaaabaaabaabbaaaaaabbbbaaabbbbbbbbbaaababaaaa,False,836,2820,True
3656,2011-11-04,bbbaabaabbabbabaaabaaabaabbaaaaaabbbbbaaaabbbbbabb,True,837,2820,True
3657,2011-11-05,aababbbababbabaaabababaabbabbaaabbbbbbaaabaaabaabb,False,837,2821,True
3658,2011-11-06,bbbabbaabaaaabaabbababaaababbbabababbabaaababbabab,True,838,2821,True
3659,2011-11-07,baaaabbbbbabbbbaaaaaaaaaabbabaaababbaabaabbabbbbbb,True,839,2821,False
3660,2011-11-08,abbbbbaaaabaaaaabbbbabbaaababbbababbbabaaaabababab,False,839,2822,False
3661,2011-11-09,aaababbbabbbbbbaaaaaababbbabababbbabbbbaaaaaabaaab,False,839,2823,True
3662,2011-11-10,aaaabbbababbbabaabbaabbaabaabaaaabbbabbaabbabbbaab,False,839,2824,False
3663,2011-11-11,aaababbbbbbbbabaaaaaabbaababbaabaabbbabbaaabbbabaa,False,839,2825,False
3664,2011-11-12,aaaaabababbbbbbababaaaababbbabababbbbaabaabaababba,False,839,2826,True
3665,2011-11-13,abbbbbaaaababaaababbababbbaaaaabbbabbabaaababbabab,False,839,2827,False
3666,2011-11-14,aabaabaababbabbabbabaabbbbbabaaaaaababbbabaaabbbab,False,839,2828,True
3667,2011-11-15,bbabbbabaaaabbaabaabaaaaabababaaababbbbbabababbbab,False,839,2829,True
3668,2011-11-16,bababbbabaababaaabababaaabaabaaabbabaaababbbbbbbab,False,839,2830,False
3669,2011-11-17,bbbaabaabbababaaababaaabbbbbbaaaaabbaabbabbaabbbaa,False,839,2831,False
3670,2011-11-18,baabbbabaaabbbbabaaaaababbaaababbbbbabbaabaaabbaba,False,839,2832,True
3671,2011-11-19,bbababababaababababaabaabababababbabbbbbaabaabaaab,False,839,2833,False
3672,2011-11-20,bababbbabaababaaabababbbabaaabaabbbbbbbbaaaaabbaaa,False,839,2834,False
3673,2011-11-21,bbaaababbbabbabaaabaaaaaabbaababbbabbaaaaabbbbabbb,False,839,2835,True
3674,2011-11-22,aabbbbbbaabbaaaaaabbabaaabbbbbaabbabaaaaaabbbbbaab,False,839,2836,True
3675,2011-11-23,aaaabbbbbabbabaaabababbbbaaaaabbbabbaaaaabbbbbaaba,False,839,2837,False
3676,2011-11-24,aababbbababbabaaababaabbbabbaabbabababbbaaaabbbaaa,True,840,2837,True
3677,2011-11-25,abaabbabaabaabaabbbbaabbbbabaaabababaabaabbabbbaab,False,840,2838,True
3678,2011-11-26,abaaabababbbbbbaaabaababababaaaabbbbbabaaababbbaab,False,840,2839,True
3679,2011-11-27,abbaabaabbbabbbabaaaababaaabbbbaabbbbaaaaabaabbbab,True,841,2839,True
3680,2011-11-28,abababbbbbbaaaaaabababbaaaaaaabbbabbbabbaabbabaabb,False,841,2840,False
3681,2011-11-29,abbabbaababaabaabbababbbbaaaaabbbbabbbbbaaaaabaaab,False,841,2841,True
3682,2011-11-30,aabbbbbaaabbaaaaabbbabaaaaabbabbaaabbabbaabbbbabab,False,841,2842,False
3683,2011-12-01,abbaabaabbbbabaaabababbaaaababbbbaabaabbaaabbbbaba,False,841,2843,True
3684,2011-12-02,ababbbabaababaaababbaabbaababbbaababbaababbabbabaa,False,841,2844,True
3685,2011-12-03,aaaaabbbbbbbaaaaabbbabbbbababbbaabababaaabaaababab,False,841,2845,True
3686,2011-12-04,aaaaabbbbbbbbbbaaaaaaabbaaabbbbababbbaababaaabbaba,False,841,2846,True
3687,2011-12-05,abbabbbababaabaaabababbaabaabbababababbaaababbbaab,False,841,2847,True
3688,2011-12-06,bababbbabaababaaabababbaabaabbabbabbbbaaaaabbbaaba,False,841,2848,True
3689,2011-12-07,bababbbabbabaaaaabbaaaababbbabaaababbbbaabbabbaaab,False,841,2849,True
3690,2011-12-08,bbaaababbbababaaababaabbbbaaaaaaaabbbbbaabaaabbbbb,False,841,2850,True
3691,2011-12-09,bbbbbbaaaaabaaaaabbbaabbaabaabbaaaabbbaaababbbabbb,False,841,2851,True
3692,2011-12-10,babbbbbabaaabaaabaababbabaabaabaababbbbbabaabbaaba,False,841,2852,True
3693,2011-12-11,bbabbbabaaababaaababababbbbaaaaabbbbbabaaabaababab,False,841,2853,False
3694,2011-12-12,bbabbbbbbaaababaaaaaaabbbbbaaaaaababaaababbaabbbbb,False,841,2854,True
3695,2011-12-13,bbbbbbabababaaaaaabaabaaabaaaaabaabbabbbabbbbbabba,False,841,2855,True
3696,2011-12-14,babbabaabbabbababaaaabbbaaaaabbbababaaababbbababab,False,841,2856,True
3697,2011-12-15,bbaaababbbaaabaabbababbabaaababbaaabbabaaabbbbabab,False,841,2857,False
3698,2011-12-16,bbaaababbbabbbbaaaaaababbaababbaaaabbbbbaabbabbaaa,False,841,2858,True
3699,2011-12-17,bbaaabbbbbaabbbaaaaaaaabaaabbbbbbabbaaaaabbabbbaba,False,841,2859,True
3700,2011-12-18,baababbbabaababababaabaaaaaaaabbabbbbbbbaabaababbb,False,841,2860,True
3701,2011-12-19,bababbbabaababaaabababbaabbabaaaabbbbbabaaaaababbb,False,841,2861,False
3702,2011-12-20,bbaabbabbaaaaaaabbbbaabababaaabaaaabbabaabbbbbabbb,False,841,2862,True
3703,2011-12-21,bbabababaaaababababbaababbbabaaaaaababaaababbbbbbb,False,841,2863,True
3704,2011-12-22,baabbbbbababbbaaaaaaaaababbabbaaaaababaaabbbbbbbab,False,841,2864,True
3705,2011-12-23,bbbabbaabbaaabaabbaaabaaaabbbbbabbbbbbbbaaaaabaaaa,False,841,2865,True
3706,2011-12-24,baabababababbabababaaabbbbbaaaaaaabbaaababbbabbbba,False,841,2866,True
3707,2011-12-25,baaaabbbbbabbbbaaaaaabbbabaaababaaabaaabaabbabbbbb,False,841,2867,True
3708,2011-12-26,abababbababababaababaaaabbbbaaaaabbbbbbaabbabbaaba,False,841,2868,True
3709,2011-12-27,abbaabaaabbaabaabbbbaabbbbaaaaabaabbbaaaabbbbbabba,False,841,2869,False
3710,2011-12-28,aaababbbbbbbbabaaaaaabbaaaaabbbaaaabbaabaabbabbbbb,False,841,2870,True
3711,2011-12-29,aababbbababbabaaababaabbbbbbbaaaabbbbaabaabaabbaaa,False,841,2871,False
3712,2011-12-30,ababababbbbabababaaaababababababababbabaaababbabab,False,841,2872,False
3713,2011-12-31,aabbbbbaaabbaaaaabbbabaabbabaaabababbaaaaabbbbabbb,False,841,2873,True
3714,2012-01-01,abbbbbaaaabbabaaabababbabbbaaaaabbbbaaaaababababbb,False,841,2874,False
3715,2012-01-02,aababbbababbabbaabaaaaababbaababbbabababaababbbaba,False,841,2875,False
3716,2012-01-03,aabbabbbabbaaaaababbaaaaabbbabaabbbbbaabababababba,False,841,2876,False
3717,2012-01-04,babbabbaababaaaaabbbaaaababbbbbbbbbbaaaaaabbabbaaa,False,841,2877,True
3718,2012-01-05,bababbbabaaaabaabbababbbbbaaaaababbbbaaaaabbbbabaa,False,841,2878,True
3719,2012-01-06,bababbabaaababaababbaaabbaabaabaabbbbaababbbabbbaa,True,842,2878,True
3720,2012-01-07,baaaabbbbbabbabaaabaaabababbabbbbaabbabbaaababaaba,False,842,2879,False
3721,2012-01-08,bababbbbbaabaabaaabaaaaabaabaabbaaabbbbaaaabbbbbbb,False,842,2880,False
3722,2012-01-09,babbbbbbababaaaaaabaaabbabbaababbbbbaaaaababbbabaa,False,842,2881,True
3723,2012-01-10,baababbbbbabbabaaaaaabbaabaabaaaababbabbaababbbbab,False,842,2882,False
3724,2012-01-11,bbbabbbabaaaabaaababaabbbbbbbaaaabbbabababaaabbaaa,False,842,2883,True
3725,2012-01-12,bbbabbaabaabbaaaaabbaaabbbabaaabaaabaabaabbabbbbbb,False,842,2884,True
3726,2012-01-13,babbabaaababbabababaaaabbbabababbbabaabaabbaabbaab,False,842,2885,True
3727,2012-01-14,baaaabbbbbaaabaabbababaaaaababbaababbaaaabbbbbabbb,False,842,2886,False
3728,2012-01-15,bbaaabaabbaabababbbaabaabbbabaabaabbabbaaabaababbb,False,842,2887,True
3729,2012-01-16,bbaaababbbabbbbaaaaaabaabbaabaabaabbbbbaaabbbbabaa,False,842,2888,True
3730,2012-01-17,aaababbbaabababababbaabaaaaaabbabbabbabbabbbbbbaaa,False,842,2889,True
3731,2012-01-18,ababababbbbabababaaaaabbbaababbabbbbbaaaabaaabbaba,False,842,2890,False
3732,2012-01-19,abbabbabbbbaabaabaaaabababaaababababababaabbabbbab,False,842,2891,True
3733,2012-01-20,ababababbbbabababaaaaaabbababbbaababbbababbaababaa,False,842,2892,True
3734,2012-01-21,aaaaabbbbbbbbbbaaaaaabaaababbaabaabbbbbbaaaabbabba,False,842,2893,True
3735,2012-01-22,abbbabaaabbbaabaabbaabababbbbbabbabbaabaaaaaababab,False,842,2894,True
3736,2012-01-23,aaaaabbbbbbabbbabaaaaababbbaaaababababbbabaaababbb,False,842,2895,True
3737,2012-01-24,abaabbabaababbaababbaabbbabaaabababbaabaabaaabbbbb,False,842,2896,False
3738,2012-01-25,aababbbababbaaaaabbbabbbbabababababbaaaaaabbbbbaaa,False,842,2897,False
3739,2012-01-26,abbabbaababaabaabbabababbaababbbbabbabbaaaababbaaa,False,842,2898,False
3740,2012-01-27,aababbbabbbbabaaabaaabbbababababababaaababaaababbb,False,842,2899,True
3741,2012-01-28,abaaabaabababbbabbabaaabbbaabaaabbbbbaaaabbaabbbab,False,842,2900,True
3742,2012-01-29,abbabbabbbbaabaabaaaaaaaabaabaabbabbaaaaabbbbbbbbb,False,842,2901,False
3743,2012-01-30,abbabbabbabaaaaababbababbbaaaaabbaabaaaaabbbbbabbb,False,842,2902,True
3744,2012-01-31,aaaabbbbbabbabaaabababaaababbbabbabbbbabaaababaaba,False,842,2903,False
3745,2012-02-01,aababbbababbabaaababaaababbbabaabaabaabaabbbbbbaab,False,842,2904,False
3746,2012-02-02,aaaabbabbabbabaabbababbbbbbabaaabaabaabaabbabbaaab,False,842,2905,True
3747,2012-02-03,bbbbabaaabababaaababababbbabbbabbbabbbaaaaaabbaaaa,True,843,2905,True
3748,2012-02-04,bababbbbbbabaaaaaabaabaabbbaabaabbabbabbaabbababaa,False,843,2906,False
3749,2012-02-05,bbaabbaabaabbabaabbaaaababaabaabbabbbbaaabbabbaabb,True,844,2906,True
3750,2012-02-06,babbabbabbaaaababbaaaabbbbbaaaabababbbbaaababbaaab,False,844,2907,False
3751,2012-02-07,bbbbabaabbaaaababbaaabaaaaaabbbaaaabbbbbabbabbabba,False,844,2908,True
3752,2012-02-08,babaabbaaaababbaabbbaaababbbbbabbabbaabbabaaababaa,False,844,2909,True
3753,2012-02-09,baababbaaaaabbbabbabaaababbbababbbabaabaabaabbabab,False,844,2910,True
3754,2012-02-10,bbbbbbaaaaabaaaaabbbabbbbbbabbabbbbbaaaaaabaabaaaa,False,844,2911,True
3755,2012-02-11,bbbaabaabbabbbbaaaaaabbbbbaabaababbbaaaaabbabbabaa,False,844,2912,True
3756,2012-02-12,bbaaababbbaabbaabaababbbbaaababaaabbaaaaabbabbbbba,False,844,2913,True
3757,2012-02-13,aaababbbabbababababaabababbbbbaabaabbbabaaaabbaaba,False,844,2914,True
3758,2012-02-14,bbbbbbaaaaaaaaaabbbbaabaaaaabbbaaaabbbbaabbbbbbaab,False,844,2915,True
3759,2012-02-15,bbabababbaabaabaababaaabbaabaabaababbbbbabaabbbbaa,False,844,2916,False
3760,2012-02-16,babbbbbaaaababaaababaababbbbbaaaaaabbabaabbabbaabb,False,844,2917,False
3761,2012-02-17,bbababababaaabaabbabaabbabbaababbbabbaaaaababbaabb,False,844,2918,False
3762,2012-02-18,bbbbababbbaaaababaaaabababaabaababbbabababbabbabaa,False,844,2919,True
3763,2012-02-19,baababbbabaababababaababbbabaaaabaabbbbbabababaaab,False,844,2920,False
3764,2012-02-20,baaaabbaaaaabbbabbbbaabbbaaaaabaaaabbbbbabbbbbbaaa,False,844,2921,False
3765,2012-02-21,bbbbbbaaaaabaabaabbaaaaaabbaabaabbabbabbabbabbabba,False,844,2922,False
3766,2012-02-22,bbabbbabaaaabaaababbaaaaabbbbbaabbabaaaaabbabbbabb,False,844,2923,True
3767,2012-02-23,baaaababbbabbbbabaaaaababbbaaaaaabbbabbbabbaabbaba,False,844,2924,True
3768,2012-02-24,baaabbbbaaabbbbaaabaabaabbaaaaabbbbbbaaaaabbababbb,False,844,2925,True
3769,2012-02-25,aaaaabbbbbbbbabaaabaabbbbbbabaabbabbaabaaabaabaaab,True,845,2925,False
3770,2012-02-26,aaaaabbbbbbbbbbaaaaaaabbbbaaaaabbbabbaababbbbbaaaa,False,845,2926,False
3771,2012-02-27,abbbbbaaaabaaaaabbbbabbbbabbbabbbabbaaaaaaaaabaabb,False,845,2927,False
3772,2012-02-28,abbbbbbaaabaabaaabababbaaaaababbabbbbabbaabaababab,False,845,2928,False
3773,2012-02-29,bababbbabaababaaababaabababaaabbbabbbabaaabbabaabb,False,845,2929,True
3774,2012-03-01,bbababaaabaabbaabbababaaabbbbbabbbbbababaaababaaaa,False,845,2930,False
3775,2012-03-02,bbabbbabaaaaabaabbabaaaaaabaaabbbbbbbbbbaaabababab,False,845,2931,False
3776,2012-03-03,bbbbbbaabaaaaaaabbababbaabaabbababababbbabaabbabaa,False,845,2932,True
3777,2012-03-04,babaabbabbaabbbabaaaaaaaabaabaabbbbbabbaabbabbbaab,False,845,2933,False
3778,2012-03-05,abaabbabbabbbbbaaaaaababababababababbbbaaababbaaab,True,846,2933,False
3779,2012-03-06,abababaabbbabababbaaaababbaabaababababbaabaabbbbab,False,846,2934,True
3780,2012-03-07,abaaababbbbababababaabbbaabaabbaababbbaaaaaabbabbb,False,846,2935,True
3781,2012-03-08,abaabbabbababbaabaababbbbbbaaaaabaababbbaaaaabbabb,False,846,2936,False
3782,2012-03-09,aababbbababbabaaababaaaabbbbbaaababbaaababbbabbaba,False,846,2937,False
3783,2012-03-10,abbbbbbababaaaaaababaabbbbbbaaababbbaaaaabbbbbaaaa,False,846,2938,True
3784,2012-03-11,aaababababbbbabababaaaababbabaabababbbabaababbabab,False,846,2939,False
3785,2012-03-12,abbaababbbbaabbabaaaababbabababababbbbaaaaabababab,False,846,2940,False
3786,2012-03-13,aababbbababbabaaababaaababababaabbbbbbababababbaaa,True,847,2940,False
3787,2012-03-14,abbbbbbaaabababaaabaabbaaaabbbbbabbbbbabaaaaabaaba,False,847,2941,True
3788,2012-03-15,abaaababbbbbabbaabaaabaabbbbbbaaaaababaaaaababbbbb,False,847,2942,True
3789,2012-03-16,abbbbbaaaabaaaaabbbbaaaabbbabaaabbabbaabaababbbbba,False,847,2943,True
3790,2012-03-17,babbbbbaaaabaaaaabbbababbaabaabaaabbaaaaabbbabbbbb,False,847,2944,True
3791,2012-03-18,bbaabbaaaaabbbbaabbaabbbabaabbabbabbaaabaabaabbaba,False,847,2945,True
3792,2012-03-19,abaaababbbbbabaaababababaaabbbbbbabbbaabaabbabaaaa,False,847,2946,True
3793,2012-03-20,babbbbbaaaababaaababaabbababababbbbbaaaaabaaabbabb,False,847,2947,False
3794,2012-03-21,babbbbbaaaababaaabababaabaabaabbbbbbaabaabbabbaaba,False,847,2948,False
3795,2012-03-22,bbbabbaabaababaaabababaaabababaaabababbaabbbbbbaab,False,847,2949,True
3796,2012-03-23,bbabababaaabaabaabbbaabbabaaaaabbbbbbabbabbabbaaaa,True,848,2949,True
3797,2012-03-24,bbbbbbbaabaaabaaabaaaaababbbaaabbbbbaabbabaaababab,False,848,2950,True
3798,2012-03-25,babaabaabaabaababbbbabaaababbbaabbbbbaaaabbbbbaaaa,False,848,2951,True
3799,2012-03-26,bababbbaaaabbbbaaabaaaabbbbbabaabbabbabaabbabbaaaa,False,848,2952,True
3800,2012-03-27,babbbbbaaaabbabaaabaaaaaabbbbbabbaabbaaaaaabbbabbb,False,848,2953,True
3801,2012-03-28,ababbbabaabababababaaabbabbbabaaabbbbaabaaababbbaa,False,848,2954,True
3802,2012-03-29,abaaababbbbabbbabaaaaaaaaabababababbbbabaabbbbbaba,False,848,2955,False
3803,2012-03-30,abbabbaababaabbabbaaabbabbaabaaabaabbbbbaaaaabbabb,False,848,2956,True
3804,2012-03-31,aaababbbabbbbabaaabaaababaabbabaaaabbaababbbbbbaba,False,848,2957,False
3805,2012-04-01,aabbabbaaabbbabaaabbabaaaaaababbbabbbaabaabbbbabba,False,848,2958,True
3806,2012-04-02,aababbaababbbbaabaababbabaabbabbaaabaaabababbbabba,False,848,2959,True
3807,2012-04-03,abbabbabbabaabaabaababbbbaaaaababbbbbabbabbaabaaaa,False,848,2960,True
3808,2012-04-04,abbabbaababaabaabbabaabaaabbbbbaababaabaabbabbbaab,False,848,2961,True
3809,2012-04-05,ababbbabaababaaababbaaabababbaaaaabbbaababbaabbbbb,False,848,2962,True
3810,2012-04-06,abbbabaaabbabbbabaaaaabbbbaabaabbabbbaaaaababbbaba,False,848,2963,True
3811,2012-04-07,abbaababbbbaabaabaabaabbbbbabaaabaababaaabaabbbabb,False,848,2964,True
3812,2012-04-08,abbabbaabbbbabaaabaaababaabbbbbaaaabababaabaabbabb,False,848,2965,False
3813,2012-04-09,baaaababaaababbabbbbababababababbaabababaaababbabb,False,848,2966,False
3814,2012-04-10,aaababbbabbbbabaaabaabbabbaabaabbbbbaabaaababbbaaa,False,848,2967,True
3815,2012-04-11,abbbbbabbbbaaaaabaaaaabaaabbbbbaaabbaabaabaaabbbbb,False,848,2968,True
3816,2012-04-12,bababbbabaababaaababaaaaaabbbabbbabbbabbaaaaababbb,False,848,2969,True
3817,2012-04-13,baaabbabbaabaaaabbbbaabaaaabbbbbababaaaaababbbbbab,False,848,2970,True
3818,2012-04-14,bbababaaababbabaabbaabaaabbabbabaaababaaaabbbbabbb,False,848,2971,False
3819,2012-04-15,bbababbbabaaaabaabbaaababbabaaabababbbbbabaabbaaba,False,848,2972,False
3820,2012-04-16,babbbbaaaaabbbbabaaaabbbbaababbbbabbbaaaaaababaaba,False,848,2973,False
3821,2012-04-17,bbaaabbabbaabaaaabbbaabbaabaabbabbbbbbaaabababaaab,False,848,2974,True
3822,2012-04-18,bbabababaaaabbbabaabaabbbabaaabababbbbbaaaababbaab,False,848,2975,False
3823,2012-04-19,bbaaababbbabbabaaabaaabababababaaaabaaaaabbbbbbbbb,False,848,2976,True
3824,2012-04-20,aaababbbabbababababaababbbaabaaabbbbabababaaabbbaa,False,848,2977,True
3825,2012-04-21,abababababbabbbabaaaabaabbaabbabbaabbaabaabbababba,False,848,2978,True
3826,2012-04-22,abbbbbaaaabbaaaaabbbabbaaabbaabaabbbbabaaaabbbabab,False,848,2979,True
3827,2012-04-23,abbaabaaabbaabaabbbbaaaaababababbbbbbaaaaaababbbbb,False,848,2980,True
3828,2012-04-24,bababbbabaababaaababaabaabaabaababbbbaababbbababab,False,848,2981,False
3829,2012-04-25,bbbabbaabaaaabaabbabaaabababbaabbbbbbaaaabaabbabab,False,848,2982,True
3830,2012-04-26,baaaabbbbbabbbbaaaaaabbbbbababaaaaabaabaabbbbbbaaa,False,848,2983,False
3831,2012-04-27,bbbbbbaaaaaaaaaabbbbaabbbabbbabaaabbbabaaaaaabbbab,False,848,2984,False
3832,2012-04-28,bbababababaabbbabaaaaaaaaaabbbbabbabbbbbabaaabbaab,False,848,2985,True
3833,2012-04-29,baabbbbbbaabaaaaababaabbababababaabbbaaaabbbbbaaba,False,848,2986,True
3834,2012-04-30,baaabbbaaaabbbbaabbaaaabaaaabbbbbabbbaababbbababaa,False,848,2987,False
3835,2012-05-01,bbbbababbbaaaababaaaabbbbaaaabbbababbbaaaababbaaba,False,848,2988,False
3836,2012-05-02,baaaabbbbbabaaaaabbbabaabbabbbabbaababaaababbbaaba,False,848,2989,True
3837,2012-05-03,baababbbabaabbaabaabaabaabbbaaababababbbabaabbaabb,False,848,2990,True
3838,2012-05-04,bababbbabaabbaaaaabbabbbbbabbbabaaabaaaaaabbbbbaaa,False,848,2991,False
3839,2012-05-05,baabbbbbaaaaabbabbaaaabbbbaaaaabaaabbaababbbbbabba,False,848,2992,True
3840,2012-05-06,baabbbbbababbbaaaaaaaaaabbaabaabbbbbabababaaabbbba,False,848,2993,True
3841,2012-05-07,bbaaabababaabbbababaaaaaabbbbbabbaabbaaaaaabbbabbb,False,848,2994,True
3842,2012-05-08,aaababbbabbababababaabbbabaaaaabababababaaaabbbbbb,True,849,2994,True
3843,2012-05-09,baabbbbbababbbaaaaaaabaabbbabaaabbbbaaaaaabaabbbbb,False,849,2995,False
3844,2012-05-10,babbbbbaaaaaaaaabbbbabaaabbbabaaaabbbabbaabbababba,False,849,2996,True
3845,2012-05-11,bbaaabbbbbaaabbaabaaaaaaabbbbbaaaaababbaabbbbbbaab,False,849,2997,True
3846,2012-05-12,baaaababbaabbbbabaababbbbabbaabaaaabbabbaaabababab,False,849,2998,False
3847,2012-05-13,bbbabbbabaaaabaaabababaaaaabaabaabbbbbbbabbbbbaaaa,False,849,2999,False
3848,2012-05-14,baaaabbbbbabbbbaaaaaaababaabbabaaabbbaababbbabbaba,False,849,3000,True
3849,2012-05-15,abababababbaaababbbaabbabbaabaabbaababaaaaabbbbabb,False,849,3001,False
3850,2012-05-16,bbbabbaabaababaaababaaababbbabaabbabaaababbabbbaba,False,849,3002,True
3851,2012-05-17,abaaabaabbbabbbabbaaaabaabbabaabaabbaabbaabbabbbab,False,849,3003,True
3852,2012-05-18,abbbbbbbabbaaaaaaabaaabbabbaaaaaaabbaabbabbbabbbab,False,849,3004,True
3853,2012-05-19,aababbaabbbbabaabbaaaaabbbaaabaaababbbaaabbaabbbbb,False,849,3005,True
3854,2012-05-20,aababbbababbabaaabababbaabaabbabbbbbabaaabababaaab,False,849,3006,True
3855,2012-05-21,aaabbbbbabbbaaaaabbaaaaabbbbaaaabbabaaababbbbbbaba,False,849,3007,False
3856,2012-05-22,bababbbabaababaaababaaaaaababbbabbabaaaaabbbbbbbab,False,849,3008,False
3857,2012-05-23,bbababaabaaabababbababbabaabbbbaabababababaaabbaba,False,849,3009,False
3858,2012-05-24,bbbabbaabaaaabaabbabababbaabaabbabbbaaaaaabbabbbab,True,850,3009,True
3859,2012-05-25,bababbbabaababbaabaaabbabbabbbaaababaaaaabbabbbaba,False,850,3010,True
3860,2012-05-26,bbaaababaaabbbbaaabbabbbbbbabaaabbababaaabaabbaaab,False,850,3011,False
3861,2012-05-27,bbaaabbbbbaabbbaaaaaaababbbabaabbbabbabaaababbaaab,False,850,3012,True
3862,2012-05-28,abaaababbbbaabaabbabaaababaabaabbabbbaabaabbabbbab,False,850,3013,True
3863,2012-05-29,aaababbbaabaaababbbbaabbaaaababbaabbbbabaaaaabbbbb,False,850,3014,True
3864,2012-05-30,bbbbbbaaaaababaaabababbabbaabaaabaabbabaaaaabbbbbb,False,850,3015,False
3865,2012-05-31,bbababaaaaabbabaabbbabaababbaabababbbbbbaaababaaba,False,850,3016,False
3866,2012-06-01,bbababababababaaababaabbaabaabbabbbbabbbabaaabbaaa,False,850,3017,True
3867,2012-06-02,bbababbaaaaabbbaabababbababbbbbabbabbaabaaababaaaa,False,850,3018,True
3868,2012-06-03,abbabbbababaabaaababaaabbbbabaaabaabbbbbaaaaabbbab,False,850,3019,True
3869,2012-06-04,bababbbabbabbbaaaaaaabbabbbaaaaaababbabaaababbabbb,False,850,3020,True
3870,2012-06-05,baaaabbabaabbbbaabababbbabaabbababbbbbabaaaaababaa,False,850,3021,True
3871,2012-06-06,babaabbabbababaaabababaaaabbbbbababbaaabaaababbbba,False,850,3022,True
3872,2012-06-07,babbbbbabaabaaaaababaaabbbaabaaabbbbbaababbaabbbaa,False,850,3023,False
3873,2012-06-08,bbbabbaabaabbbbaaaaaaabbbbbaaaabaaababbaaabbbbbaab,False,850,3024,False
3874,2012-06-09,babbabbaababaaaaabbbaaabbabbbabababbbbbbaaaaabbaaa,True,851,3024,True
3875,2012-06-10,bbbbabababaaaabababaababaaaaaabbbabbbbbaaababbaabb,True,852,3024,True
3876,2012-06-11,babbbbbaaaaababababaaabaaaabbbbbbabbbabbabaaabaaba,False,852,3025,False
3877,2012-06-12,bababbbabaabbbaaaaabaabbaabaabbbbbabbbbaaaaabbaaab,False,852,3026,False
3878,2012-06-13,bbabbaaababbbaaaababababbbabaaabaaabbbbbaaabababab,False,852,3027,True
3879,2012-06-14,baaaaaabbbbbaababbbaabaabbaabaaababbbbabaabbabbaba,False,852,3028,False
3880,2012-06-15,abababbbbbbababaaaaaababbabababbbabbaabaaabaababab,False,852,3029,False
3881,2012-06-16,aaabababbbbbbababaaaabaabaaaaababaabbabbaabbbbbbba,False,852,3030,False
3882,2012-06-17,abbabbaababaabaabbababbbbbabaaaabbbbbabbaaaaabbaaa,False,852,3031,False
3883,2012-06-18,aababbbababbabaaabababaabbababaaababbaaaaabbabbbbb,False,852,3032,False
3884,2012-06-19,aababbbababaaaaabbbbaababbbabbaabbabbaaaabbbbbaaaa,False,852,3033,True
3885,2012-06-20,aababbbababbabaaabababbbbbaabaabaabbaaaaaabbabbbab,False,852,3034,True
3886,2012-06-21,aabbbbbaaabbaaaaabbbaabbabbaaaaaabbbbaababbbababab,False,852,3035,False
3887,2012-06-22,bbbabbaabaaaabaabbabaaaabbbabaabbaabaaababbbbbabba,False,852,3036,False
3888,2012-06-23,baaabbaabaabbbaabbabababbaabaabbbabbbbabaaababaaba,True,853,3036,False
3889,2012-06-24,bbaabbabbaababaaababababaabbaababbbbaaabaaaabbbbba,False,853,3037,True
3890,2012-06-25,bababbbabaaaabaabbabaabaaabababbaabbababaaababbbbb,False,853,3038,False
3891,2012-06-26,baaabbabbaabbabababaaabbaabbabbbabbbabbaabaabbaaaa,False,853,3039,True
3892,2012-06-27,babbbbbabaabaaaaabababbbbbbaabababababbaaaaaababab,False,853,3040,False
3893,2012-06-28,baababbaababbbaaabababababbbabaabbabbaaaaabbbbaaab,False,853,3041,False
3894,2012-06-29,baabbbabbaabbababaaaabbaaaababbbababbaaaaabbbbaabb,False,853,3042,True
3895,2012-06-30,abaaababbbbabbbabaaaaabbbabaaabaabababbbabaabbbbaa,False,853,3043,True
3896,2012-07-01,aababbbababaaaaabbbbaaabaaababbababbbaaaabbbabbabb,False,853,3044,False
3897,2012-07-02,aabbbbaaabbbabaabbaaaabaaabababaabbbaabaabbabbbbab,False,853,3045,True
3898,2012-07-03,babaabbbbbababaaaaababbbaaaaaabababbbaababbbbbaaba,False,853,3046,True
3899,2012-07-04,bbbabbabbaabaaaaaabbaaabaababbbababbabaaabbbabbaab,True,854,3046,True
3900,2012-07-05,bbabababaaaababababbabbbabaaababaaabbbaaaabbbbaabb,False,854,3047,False
3901,2012-07-06,aaababbbabbbbbbaaaaaaaaaabbbbbabaabbabbaaaababbbab,False,854,3048,False
3902,2012-07-07,aaababbaabbabababbbaaaaabaaaaabbbbabaaababbbabbbbb,False,854,3049,True
3903,2012-07-08,aabbbbaaaabbabaabbabababbaaaaababaabaabbabbbabbbab,False,854,3050,False
3904,2012-07-09,aabaabbababbabbaabababaaaabbbbbabbbbabababaaabaaba,False,854,3051,False
3905,2012-07-10,aababbbababbabaaabababbabbaaaaaaababababababbbbbba,False,854,3052,False
3906,2012-07-11,aabbbbbaaabbaaaaabbbaaaaababbbabbbbbabababababbaaa,False,854,3053,True
3907,2012-07-12,aaaaabbbbbbbbbbaaaaaabbbaabaabbaaaabbbbaaaaabbabbb,False,854,3054,True
3908,2012-07-13,aaabbbbbaabababababaababababbaaabbbbbbaaaaaabbbaab,False,854,3055,False
3909,2012-07-14,abababbbabbababaaabaaabbbaabaabaababbaababababbbab,True,855,3055,False
3910,2012-07-15,aabbbbbaaabbaaaaabbbaababaabbabaaabbbabbabbaabbaba,False,855,3056,True
3911,2012-07-16,aabbbbbbabbbaaaaaabaaaaabaabaabbbbbbabbaababbbbaaa,False,855,3057,False
3912,2012-07-17,abbaabaaabbbabbaabbaababaaabbabbaabbababababbbabaa,False,855,3058,True
3913,2012-07-18,abbabbbababababaaabaaabbaaababbbabababababababbaab,False,855,3059,False
3914,2012-07-19,aababbbbbbbbaaaaaabaaabbbabaaabbbabbaabaaababbbaba,False,855,3060,False
3915,2012-07-20,abbbbbbaaabaaaaaabbbababaabbbabbaaababbbaababbaaab,False,855,3061,True
3916,2012-07-21,abbbbbaaaabbaaaaabbbaababaaabababbabbabbabbabbbaaa,False,855,3062,True
3917,2012-07-22,aababbbababbabaaababaaabbaababbbaabbbbbaaabbabbaaa,False,855,3063,True
3918,2012-07-23,aababbbababbbabaaabaabaabbabbbaaababaaababbbabbbaa,False,855,3064,False
3919,2012-07-24,abbbbbabbbbaaaaabaaaabababbbbaaababbabababababaaab,False,855,3065,True
3920,2012-07-25,abaabbabbabbabaaababaabbabaabaabbabbbbabaaaabbbaba,False,855,3066,True
3921,2012-07-26,abbabbaababaabaabbabaababbaabaabbbabbabbaaaaabbbab,False,855,3067,True
3922,2012-07-27,abbbabaaaabbabbaababaababbaaababbbababaaabababbabb,False,855,3068,False
3923,2012-07-28,bababbbabaababbaabaaabaabaabbabbababbbbbaabaabaaab,False,855,3069,False
3924,2012-07-29,aaaaabbbbbbbbabaaabaababbbbaabaabbabaabaaabaabbbab,False,855,3070,True
3925,2012-07-30,abbbabbbbbbaaaaaaaabaaababababaaababbbababbabbbaba,False,855,3071,True
3926,2012-07-31,abaaabbbbbbabbbaaaaaaababbbabaaaabbbbaaaabbaababbb,False,855,3072,False
3927,2012-08-01,ababbbabaababbbabaaaabbbbbaaaaabbbbbbaabaabbabaaaa,False,855,3073,False
3928,2012-08-02,abababbbabbababaaabaaabaaaaababbbabbabbbabaabbbaba,False,855,3074,False
3929,2012-08-03,abbaababbbbbabaaaaababbbbabbabbbabababbbaaaaabaaaa,False,855,3075,True
3930,2012-08-04,babbabbbbbaaaaaabaababababaaaaabbbbbbaaaaabbbbabab,True,856,3075,True
3931,2012-08-05,baaaabbaaaabbbbaabbbaaaaabbbabaabbabbabbabbabbaaba,False,856,3076,False
3932,2012-08-06,bbaaabbbbbaabbbaaaaaaaaabbbaaaabaabbbbbaaabbbbabba,False,856,3077,True
3933,2012-08-07,abaaababbabbbbbaaaabaababbbbbaaaaaabababababbbbaba,True,857,3077,False
3934,2012-08-08,aaababbbabbbbaaaaabbabaaaabababaaaabababaabbbbbbbb,False,857,3078,True
3935,2012-08-09,abbabbaaaabaabaabbbbaaaababbbabbaabbabababbbabaaba,False,857,3079,False
3936,2012-08-10,babbbbbaaaabaaaaabbbabaabaabaabbbbbbbaaaaaabababbb,False,857,3080,True
3937,2012-08-11,bbaaababbbabbbbaaaaaaaaaaaaaabbbbbabbbababbbbbaaba,False,857,3081,False
3938,2012-08-12,baabbbbbbaaaaaaabbabaababbbaababbbababbbabababaaaa,False,857,3082,False
3939,2012-08-13,babbbbbaaaabaaaaabbbaaaaabbbabaaababaaaaabbbbbbbbb,False,857,3083,True
3940,2012-08-14,babbbbbabaaabababaaaaaabaababbbbbaabaabbabbaababab,False,857,3084,True
3941,2012-08-15,bbaaababbbababaaabababbababababbababaaaaaababbabbb,False,857,3085,True
3942,2012-08-16,baaaabbbabababaaabbbabbbaabbbbbaaabbaabaabbabbaaaa,False,857,3086,False
3943,2012-08-17,bbaaababbbaabbbabaaaabbababaaababaabaabaaaabbbbbbb,False,857,3087,False
3944,2012-08-18,baaaabbbbbabbabaaabaababaaaababababbabababbbbbbaaa,False,857,3088,False
3945,2012-08-19,babbabbaaaabbabaaabbaaaababbaabaababbbbbabaaababbb,False,857,3089,False
3946,2012-08-20,aaaaabbabbbabababbbaaaaaabbabbaabbbbabbbabbaabbaaa,False,857,3090,False
3947,2012-08-21,abbabbaababaabaabbabababaabbabbaabbbaabbabbaababaa,False,857,3091,False
3948,2012-08-22,ababbbabbababaaabaabababbaabaabaabbbbabbabbaababaa,False,857,3092,True
3949,2012-08-23,aaaabbbbbabbabaaababaaaabaaabbbababbbaaaabbbabbbba,False,857,3093,True
3950,2012-08-24,abaabbaaaababbaabbbbaaabbabaaabaabbbabbaabbabbbbaa,False,857,3094,True
3951,2012-08-25,bbbabbabbaababaaaaabaabbbbbbaaaaabbbbbababababaaaa,False,857,3095,False
3952,2012-08-26,aaababbabababababbababaabbaaaaabbbbbabbaaaababbbab,False,857,3096,True
3953,2012-08-27,aaaabbbbbabbbbbaaaaaaaabbbaaaaabbbabbbaaabbbbbaaab,False,857,3097,False
3954,2012-08-28,ababbbbbabbaaaaaabbaabbbbaaaaabaababbbaaababbbabab,False,857,3098,False
3955,2012-08-29,baabbabbbaabbaabaaababbabbaabbaababbbbaaaaababbaba,False,857,3099,False
3956,2012-08-30,babaabbbabaaabaababbaaabaaababbbbaabaabaababbbbbab,False,857,3100,True
3957,2012-08-31,bababbbbbbababaaaaaaabaaababbbaabaabaaababbbbbbaba,False,857,3101,False
3958,2012-09-01,aaaabbbbaababbbababaaababbbbabaaababaabaabababbbab,False,857,3102,True
3959,2012-09-02,abaaababbbbabbbabaaaaaaaaaababbbbabbaabbabababbbba,False,857,3103,True
3960,2012-09-03,abababababbababababaababbbaaababababbbbaaabaababab,True,858,3103,False
3961,2012-09-04,aabbbbbaaabbaaaaabbbaaabababbbaaaabbbaaaabbabbbbba,False,858,3104,True
3962,2012-09-05,aaabbbbbaabbaaaaabbbaabbbbbabaabaabbbbaaaababbaaba,False,858,3105,True
3963,2012-09-06,aabaabbabbbbabaaababaaabbbbbbbaaaaabbbababaaababba,False,858,3106,False
3964,2012-09-07,abaaabababbabbbababaababbbaaaaabaabbbbabaabbababba,False,858,3107,True
3965,2012-09-08,aaaabbbbbbbbabaaabaaabbbbbaaaaabbaabbbbbaaababaaab,False,858,3108,True
3966,2012-09-09,aabbbbbababbaaaaababaababbaabbabbaababababababbaba,False,858,3109,False
3967,2012-09-10,abbbbbbababaaaaaababaaaaaaabbbbbbbbbbbbaaaaabbbaaa,False,858,3110,False
3968,2012-09-11,aabaabbbabbbabbaaabaabbaabaaaaaaabbbbbbaaaaabbbbbb,False,858,3111,True
3969,2012-09-12,ababbbbbaababaaaaabbabaabaaaaababbabbaabaabbabbbbb,False,858,3112,False
3970,2012-09-13,abbabbaaaabaabaabbbbaabbbaababbaababbaaaabababbbab,False,858,3113,True
3971,2012-09-14,aababbbababbaaaaabbbaaabaabbabbbbabbaabaaabbabbaab,False,858,3114,False
3972,2012-09-15,bababbbabaababaaababababbaababbabbabbbaaaaaaabbabb,False,858,3115,False
3973,2012-09-16,bababbbabbabaaaaabbaababaaaaaababbbbbaababbaababbb,False,858,3116,True
3974,2012-09-17,babbabbaaaabaabaabbbaaaababbabbabbabbabaaababbbaba,False,858,3117,True
3975,2012-09-18,bbababaaabaabababbbaabbabaaaaababbabbbaaaaabbbbabb,False,858,3118,True
3976,2012-09-19,baaaabbbbbabbbbaaaaaabbaaaaaabbaabbbabaaabbbbbbaba,False,858,3119,True
3977,2012-09-20,bbaabbabbaaaaababbbaaabaaabbbbbbaaabaabaababbbabab,False,858,3120,False
3978,2012-09-21,babaabbabaababbaababaabababababaaabbabababababbbba,False,858,3121,True
3979,2012-09-22,baababbaababbbbaabaaabbbaaaaaabbbbbbaabbabbabbaaaa,False,858,3122,True
3980,2012-09-23,abaaabbbbbbababaaabaabaabbbabaabbaabaaaaaabbbbabbb,True,859,3122,True
3981,2012-09-24,aabaabbabbbabbbabaaaabbaaababbbaabbbabbbaaaaabbbaa,False,859,3123,False
3982,2012-09-25,abababbbaabababaaabbabbaababbbabababbabbaababbaaaa,False,859,3124,True
3983,2012-09-26,aababbbababaaababbbaaabbbabaaabbaabbabbbaaaaabbbba,False,859,3125,True
3984,2012-09-27,aaabababaabbabbabbababbbabaaaaaababbabaaababbbbabb,False,859,3126,True
3985,2012-09-28,aaababbaaababbbabbababbbbabaaabaababbbabaabaabaabb,True,860,3126,False
3986,2012-09-29,aaaaabbbbbbbaabaabbaabaaabaabaaabbbbbbababbbbbaaaa,False,860,3127,True
3987,2012-09-30,aaaaabbbabbbbbbaaabaabaaababbbabaaababbaaaaabbbbbb,False,860,3128,False
3988,2012-10-01,abbbbbaababaaaaabbababbaababaaababbbbabbaabbbbaaaa,False,860,3129,True
3989,2012-10-02,abbbbbaaaabaabaabbababaaabbbabaaaaabbbbbaabbbbaaba,False,860,3130,True
3990,2012-10-03,abbbbbbaaabaaaaaabbbabbbbbbabbaabaabaaaaaaaaabbbbb,False,860,3131,False
3991,2012-10-04,abbbbbbababaaaaaababababbaabbabaaaabbbabaababbbaba,True,861,3131,True
3992,2012-10-05,baababbabaabbabaabababababaabbabaaabababaabbbbbbaa,False,861,3132,True
3993,2012-10-06,abbaabbabbbabbbaaaaaaabbabbbabaaababaabaabaabbbbab,False,861,3133,True
3994,2012-10-07,abababababbaaaaabbbbaaabbabbbbbbabbbbaaaaabaababaa,False,861,3134,True
3995,2012-10-08,abababaaaabbbabaabbbaabaabbabbaababbbabbaaababbbaa,False,861,3135,False
3996,2012-10-09,abbabbaababaabaabbabaaaaabbbaaaabbabbabbaaabbbbbab,False,861,3136,True
3997,2012-10-10,abbabbaabababbaabaababbaabababaabaabaabbabababbabb,False,861,3137,False
3998,2012-10-11,babbbbaabaabaaaabbabaaaababababbbabbababaaababbbba,False,861,3138,True
3999,2012-10-12,bbbbbbaaaaaaaaaabbbbabbabbaabaabbbbbbbbbaaaaabaaaa,False,861,3139,True
4000,2012-10-13,baababbbabaabbbabaaaabbaabaabbabaaabbaaaaabbbbabbb,False,861,3140,True
4001,2012-10-14,bbaabbabbaaaaaaabbbbabaabbabaaabbbbbabbbaaababbaaa,False,861,3141,True
4002,2012-10-15,baabbbbbaaabaaaaabbbaabaaaabbbbbabbbbbaaaaaabbbaba,False,861,3142,False
4003,2012-10-16,baaaabbbabababaaabbbaabbaaabbabbbabbbaabaaaabbbaba,False,861,3143,False
4004,2012-10-17,bbaaababbbabbbbaaaaaaaaababbbabbbbbbaabbabaaababaa,False,861,3144,True
4005,2012-10-18,baaaabbbababbbbaaabaaaabaaababbbbaabbaaaabbbbbaabb,False,861,3145,False
4006,2012-10-19,baaaabbbbbababaaabababbbbabaabbabbabbbaaaaaabbaaba,False,861,3146,True
4007,2012-10-20,bbbaabaaabaaabaabbbbaababbbabbabbaabbbaaaaabbbaaba,False,861,3147,True
4008,2012-10-21,bbabababababbaaaaabbabbbabaaaaaaabbbaabbabbabbbbaa,False,861,3148,False
4009,2012-10-22,bbababababaaaaaabbbbaabbabbbbbaaaabbabaaabaabbbaba,False,861,3149,True
4010,2012-10-23,bbbbbbaabaabaaaaababaabaaabababbaaababbbabbabbaabb,False,861,3150,False
4011,2012-10-24,babbabbaaaabaabaabbbaababababbbaabababaaababbbbbaa,False,861,3151,False
4012,2012-10-25,baabbbbbbbabbaaaaaaaabaaaabbbbbaabbbbabbaabaababaa,False,861,3152,False
4013,2012-10-26,bbaaabbbaaaaabbaabbbabaabbaaaaabbbabbabaaababbabbb,False,861,3153,False
4014,2012-10-27,baaabbbaaaabbbbaabbaaaaaabbbaaaaabbbaabbabbbbbbbaa,False,861,3154,False
4015,2012-10-28,baaaabbabbabbbbaabaaaaabbabbaabbbbbbaabbabaaababaa,False,861,3155,False
4016,2012-10-29,baababbbabaaabaabbababbbabbbbbabbabbaaaaaaaaabaabb,False,861,3156,True
4017,2012-10-30,baaaabbbbbabbbbaaaaaabaabbabababbbababbaaaaaabbabb,False,861,3157,True
4018,2012-10-31,bbbabbaabaaaabaabbabaaababbbabaaabbbaaababbbabbbaa,False,861,3158,True
4019,2012-11-01,baaabbbbbbaabaaababaabaabbabbaabbabbaaababbbabaaba,False,861,3159,False
4020,2012-11-02,baababbbababbabaaabaabaaaababbbabbababbbabbaabaaab,False,861,3160,True
4021,2012-11-03,bbababaaababbaaaabbbabbbabbabaaababbaaababaaababbb,False,861,3161,False
4022,2012-11-04,bbbbabaaababbabaaabaababbbbbbbaabaabbaaaaabaabaabb,False,861,3162,True
4023,2012-11-05,bababbbbbbababaaaaaaaabaabbaaaaabbbbaabaabbbbbbaab,True,862,3162,True
4024,2012-11-06,baaabbabbaababaabbababaaabaaababababbbbaaabbbbabab,False,862,3163,True
4025,2012-11-07,babaabaabbabbbaabaabaabbbbbbbbabababbaaaaaaaababab,False,862,3164,True
4026,2012-11-08,baaaabbbbbabbabaaabaabbbabbaababaaababbbaababbaaba,False,862,3165,False
4027,2012-11-09,abaabbabaabbbbbaaabaabbbbbbaabaaaaababaaaaabbbbbba,False,862,3166,False
4028,2012-11-10,abbabbaababaabbabbaaabbbbbaaabaabaababaaababbbbaba,False,862,3167,False
4029,2012-11-11,aaaabbbbbbbbabaaabaaabbbaaaaaabaaabbabababababbbbb,True,863,3167,True
4030,2012-11-12,aaaaabbbbbbbbbbaaaaaababababababbaabbabaaabbbbaaab,False,863,3168,True
4031,2012-11-13,aabbbbbaaabbaaaaabbbabbbabaaaaabbabbaaababbbbbaaba,True,864,3168,True
4032,2012-11-14,aabbbbbaaabbaaaaabbbabbbbbbbbaaaaaabbaabaaabababab,False,864,3169,False
4033,2012-11-15,babbbbabaaabaaaababbababbbbbbbaabbabababaaaaabbaaa,False,864,3170,False
4034,2012-11-16,bababbbabaababaaababaabbbbaaababbaababbaababbbbaaa,False,864,3171,True
4035,2012-11-17,bbbabbaabaaaaaaabbbbabaabbbaaaabbbababaaaabbbbaabb,False,864,3172,True
4036,2012-11-18,bababbbabaababaaabababbaaaaababbbbbbbbaaaaabbbaaab,False,864,3173,False
4037,2012-11-19,bbbabbaabaababbaabaaaaababaaababbbbbbabaabbabbabaa,False,864,3174,True
4038,2012-11-20,baaabbbbbaaababababaaaaaaaaababbbbbbabababaaabbbbb,False,864,3175,False
4039,2012-11-21,aaababbbabbababababaaababbabaaabbbabaaabababbbbaba,True,865,3175,False
4040,2012-11-22,aaababbbabbbaabaabbaaabbbabaaabbaabbbbabaabbabaaba,False,865,3176,True
4041,2012-11-23,aaababbbabbababababaaaaabbabababababbbbaabbbbbaaaa,False,865,3177,True
4042,2012-11-24,babbbbbaaaababaaababaabbbbbaababaaabaaaaaabbabbbbb,False,865,3178,False
4043,2012-11-25,bbaaabbbbbaabbbaaaaaabbabbbabaaabaabbaabaaabababbb,False,865,3179,False
4044,2012-11-26,bababbbabaaaabaabbabaaabaabbabbaababaabbabbaabbbab,False,865,3180,False
4045,2012-11-27,baaaabaabbabbbbabbaaaabaabbaabaabaabaabbabababbbbb,False,865,3181,False
4046,2012-11-28,babbbbbaaaabaaaaabbbaabaaababbbababbbaababbbabaaba,False,865,3182,False
4047,2012-11-29,bababbbabaababaaababaaaaabbbbaaaaabbaabbabbbbbbbaa,False,865,3183,False
4048,2012-11-30,bbaaabbbbbaabbbaaaaaabbbbbbbaaaaabbbaaaaaabbbbbaaa,False,865,3184,True
4049,2012-12-01,bbababaaaaaabbbabbabaaabababbbaababbbbaaabaaabbabb,False,865,3185,False
4050,2012-12-02,bababbbabbaaabaabbaaaaabaabbabbabaabbabbaaaaabbbbb,True,866,3185,True
4051,2012-12-03,babbabbabaaabababaababaaababbbaaaaabaabbabbabbbbba,False,866,3186,True
4052,2012-12-04,bbbbbbaabaaaaaaabbababbabaaababbbbbbbbbbaaaaabaaaa,False,866,3187,True
4053,2012-12-05,baaaabbbbbabbabaaabaabababaaaaabababababaababbbbbb,False,866,3188,True
4054,2012-12-06,babbabbaababbbaaaaabaababbbabaabbabbbbabaaababaaba,False,866,3189,True
4055,2012-12-07,baaaabbbbbabbbbaaaaaaabbbbaabaabbabbabbbabaaabbaaa,False,866,3190,True
4056,2012-12-08,bbaaababbbaabbbabaaaaaaaabbaaaaababbabbaababbbbbbb,False,866,3191,False
4057,2012-12-09,abababababbababababaaaaaabbbbbabbabbaaaaababababbb,False,866,3192,False
4058,2012-12-10,abbbbbaaaabaaaaabbbbaabbbbbaaaaabbbbaabaabbaabbaab,False,866,3193,False
4059,2012-12-11,bababbbabaababaaababababbaababbabbbbbabaabbaabaaaa,False,866,3194,True
4060,2012-12-12,bababbbabaababaaabababaabaaaabbaabababbbabbbabbbaa,False,866,3195,True
4061,2012-12-13,babbabbaababbbaaaaababbabbaaaaabbbbbabbbabababaaaa,False,866,3196,False
4062,2012-12-14,aaaaabbbabbbbbbaaabaababaabababaaabbabbaaababbbbab,False,866,3197,False
4063,2012-12-15,abaaabbbabbaabaaabbbaabbbbaabaabbabbabbbabaaabbaaa,False,866,3198,False
4064,2012-12-16,aabbbbbaaabaaaaabbbbaaaaabbbabaaababbabbabbbababab,False,866,3199,True
4065,2012-12-17,aabbabbaabbbaabaabbaaabbababababaaabbaababbbbbaaba,False,866,3200,False
4066,2012-12-18,bbaaababbbababaaabababaaabbabaaabbabbaabaabbbbabab,False,866,3201,True
4067,2012-12-19,baababbaaaaabababbbbaaaaabbaababbbabbbbaaabbbbaaab,False,866,3202,False
4068,2012-12-20,baabbbabbbabaaaabbaaaabbaabbbabaaabbbaabababababab,False,866,3203,True
4069,2012-12-21,bbbbbbaaaaaabbbabaaaaaababbbababbbbbabbbabaaabaaaa,False,866,3204,False
4070,2012-12-22,bbbaabbbbbaaaabaaabaabbbbbaaaaaaaabbbbbbaabbabbaaa,False,866,3205,True
4071,2012-12-26,baabbbabaaabbabababaaaababbbabaaabababbaabaabbbbab,False,866,3206,True
4072,2012-12-27,bababbaabaabbbaabaababbbbaababbabaabbabbaaababbaaa,False,866,3207,False
4073,2012-12-28,bababbbbbbaaabaabaaaababbbabaaabbabbaabaaababbbaba,False,866,3208,True
4074,2012-12-29,babaabaaababbbbababaaababaaababbababbbabaaabbbbbaa,False,866,3209,True
4075,2012-12-30,bbbbbbbaaaaaaabaabbaababbabbaababbbbbabaaaaaababab,False,866,3210,True
4076,2012-12-31,bbababbbabaaabbaabaaabaababbbbbaaaababbaaabbbbbaaa,False,866,3211,False
4077,2013-01-01,bbaaababbbababaaababaabaababbabaaaabbbabababbababb,False,866,3212,False
4078,2013-01-02,bababbbbabababaaaabaabababababaaababbabaabbabbabab,False,866,3213,False
4079,2013-01-03,baababbaaaaabababbbbaabbbbbaaaabaabbbbabaaabababba,False,866,3214,True
4080,2013-01-04,bbbbabaabbaaaaaabbabaaababbbabaaabbbbabaabbaababab,False,866,3215,True
4081,2013-01-05,babbbbbaaaabbbaaaaabaababbbabaaabbbbabababababbaaa,False,866,3216,True
4082,2013-01-06,babbbbaaabababaabbaaabbbbbaabaaaaaabbabbaababbbbaa,False,866,3217,True
4083,2013-01-07,bbbbabbbabaaabbaaaaaabaababababababbbaaaaabbababbb,False,866,3218,True
4084,2013-01-08,bababbaabbabaaaabbbaaaabbabaabbaababbbabaabbabbbaa,False,866,3219,False
4085,2013-01-09,bababbbabaaababababaabaaabbbbbaabbbbbaaaaaaaababbb,False,866,3220,False
4086,2013-01-10,bbbbabaaabababaaababaabbbaaababbbaabbabbabaabbabaa,False,866,3221,True
4087,2013-01-11,bbbbbbaabaaabababaaaabbaaabbbbbaabbbabaaaaaaabbabb,False,866,3222,False
4088,2013-01-12,baababbbaaabbabaaabbabbabbabababbaabbabbaaababaaba,False,866,3223,True
4089,2013-01-13,babaabaabbabbbbabaaaabbabbbabaaaababbabaaababbabab,False,866,3224,False
4090,2013-01-14,bbbabbbaabaaabaaabbaabababbbabaaaabbbaabaabbababba,False,866,3225,False
4091,2013-01-15,babaabbabaabbbbaaaababaabbbaaaaabbbbabaaaabbbbbaba,False,866,3226,True
4092,2013-01-16,bababbbaabababaaabbaabaaababbbabbabbbaaaaabbbbaaba,False,866,3227,False
4093,2013-01-17,abbaabbabbbaabbaabaaaaaaaabbbbbbbbbbaabbaaaaabbbaa,False,866,3228,False
4094,2013-01-18,abaaababbbbabbbabaaaabbbabaaabababbbbbaaaabaabaabb,False,866,3229,True
4095,2013-01-19,abbaabaabbbaabaabbababaabbaabaabababbbabaabaababbb,False,866,3230,True
4096,2013-01-20,aababbbababbabaaabababaaababbbabaaabbaaaaabbbbabbb,False,866,3231,False
4097,2013-01-21,bababbbabaababaaabababbabbaabaaabaabbbabaaabbbbaba,False,866,3232,True
4098,2013-01-22,babaabbabaababbaabababbabbabbbaabaabbaababababaaba,False,866,3233,True
4099,2013-01-23,baaabbbbbbababaaabaaaabbbbaaaaabbbabbbbaaaaabbbaab,False,866,3234,True
4100,2013-01-24,baaabbbbaaababaaabbbabaaabaaaaaababbbabaaabbbbbbbb,False,866,3235,False
4101,2013-01-25,bababbaaaaabbbaababbaababababababbababaaabaabbbabb,False,866,3236,True
4102,2013-01-26,baababbbababbbbaaaaaaaabbabbabbbbbabbbbaaaaaabaaab,False,866,3237,True
4103,2013-01-27,bababbbbbbababaaaaaaaabababababababbbbbaaaabbbbaaa,False,866,3238,True
4104,2013-01-28,baaaabbabaabbbbaabababaaaabbabbabaabaabaaabbbbbabb,False,866,3239,True
4105,2013-01-29,bbaaabbabaaabbbaababaaaaaabbabbaaaababbbabbbabbabb,False,866,3240,False
4106,2013-01-30,bbbabbaabaaabbbabaaaaabbaaaaaabaababbaababbabbbbbb,False,866,3241,False
4107,2013-01-31,baababbbabababaaabababaabaabaabaaaababbaababbbbbbb,False,866,3242,False
4108,2013-02-01,baaaabbaaaabbbbaabbbaabbbbbbbbabababababaaaaabbaaa,False,866,3243,True
4109,2013-02-02,aaaaabbbbbbababababaaaaabbbabaaabaabaabaabbbbbbbab,False,866,3244,True
4110,2013-02-03,abaaababbbbababababaabaaabbbbbabaabbaaaaaabbbbabba,False,866,3245,False
4111,2013-02-04,abbbabaaabbbaaaaabbbaaababbbaaabbabbaaaaabbbbbaabb,False,866,3246,True
4112,2013-02-05,aababbbababbabaaabababbabbbabaaaababbbbbaabaabaaab,False,866,3247,True
4113,2013-02-06,bbbabbaabaaaabaabbababaabaaababaaabbabaaabbbbbbbba,False,866,3248,True
4114,2013-02-07,baaabbbbbaabbbaaaaababbbaaaababaababaaababbabbbbab,False,866,3249,True
4115,2013-02-08,abababababbababababaaaabbabaaabbabababaaabbbbbabab,False,866,3250,False
4116,2013-02-09,aababbabbabbabaabaabaaaaaabbbbbabbababbbabaaabbaab,False,866,3251,True
4117,2013-02-10,abbabbaababaabaabbabaabbbaaaaabbbbbbbbababababaaaa,False,866,3252,True
4118,2013-02-11,ababbbabaabaaaaabbbbabbbbaaaaabbabbbabaaaabbabbaab,False,866,3253,True
4119,2013-02-12,bababbbabaababaaababaaaaaabbabbbaaababbbaabbbbbaba,False,866,3254,False
4120,2013-02-13,baaabbbabaabbabaabbaabaaabababbababbaabaababaabbbb,False,866,3255,False
4121,2013-02-14,aaaaabbbbbbbbbbaaaaaaabbbbbbababababbabaaaaaababab,False,866,3256,True
4122,2013-02-15,abbabbaababbabaaababaabaabbaaaaaabbbbabbaababbbbba,False,866,3257,True
4123,2013-02-16,babbbbbaaaabaaaaabbbaababbaaababbbabaaaaabababbbbb,False,866,3258,True
4124,2013-02-17,bbbabbaabaaaabaabbabaaaabbabbaabababaaababbbabbbab,False,866,3259,False
4125,2013-02-18,bbbbbbaaaaababaaabababaaabaabaabbabbababababababbb,False,866,3260,True
4126,2013-02-19,babaabbabbaaaababbbaaaaaabbbbbabbbbbaaaaabbbbbaaaa,False,866,3261,True
4127,2013-02-20,bbabbbabbaaabaaabaabaaaaaabbbbbbaaababaaababbbabbb,False,866,3262,False
4128,2013-02-21,bbabbbabbaaabababaaaaaababbabaaabbbbbbababbaabaaab,False,866,3263,True
4129,2013-02-22,baababaaababbaaabbbbaaaaaabbbbbbababbabaaababbabab,False,866,3264,True
4130,2013-02-23,bababbbabaababaaababaabbbbaaaaabaabbbbababbbabaaba,False,866,3265,False
4131,2013-02-24,bbabababababaabaabbaaaabbbbbbaaabbbbabababaaabbaaa,True,867,3265,True
4132,2013-02-25,bbbaabaabbaaabbabbaaabbaabaabaababbbbabbaababbabaa,False,867,3266,True
4133,2013-02-26,babaabbabbabbbbaaaaaabaaaaababbbbbbbbaabaaabababba,False,867,3267,False
4134,2013-02-27,abaaababbbbababababaabbbbaaabbbbbbabbaaaaaaabbabaa,False,867,3268,True
4135,2013-02-28,abbbbbabaabaaaaababbaababbbabaabbabbaabaabaaababbb,False,867,3269,False
4136,2013-03-01,baaabbabaaababaabbbbabbbbaabaabbababbaaaaaabbbabab,False,867,3270,True
